food_category,hours_since_cooked,storage_temp_c,humidity_pct,freshness_score
dry_snacks,8.43,17.8,69.6,0.147
baked_goods,4.46,26.9,32.2,0.076
fried_items,9.53,20.4,88.2,0.0
dairy_based,6.51,14.1,38.4,0.02
dairy_based,1.16,22.3,44.0,0.281
raw_salads,8.85,31.9,88.5,0.016
dry_snacks,4.89,26.8,76.3,0.187
baked_goods,1.42,36.1,86.2,0.528
rice_curry,1.53,25.1,78.4,0.23
dry_snacks,6.88,38.7,69.1,0.026
fried_items,0.47,25.1,47.1,0.888
raw_salads,2.87,24.1,49.6,0.0
baked_goods,1.4,16.3,86.8,0.828
baked_goods,4.41,30.7,81.6,0.0
baked_goods,4.14,21.0,51.6,0.488
baked_goods,5.22,20.1,52.4,0.373
fried_items,2.8,31.7,47.9,0.0
dry_snacks,0.32,30.9,49.6,1.0
raw_salads,6.14,30.8,81.6,0.0
dairy_based,3.74,21.8,30.6,0.019
fried_items,6.51,23.7,56.2,0.0
dairy_based,1.09,23.6,86.6,0.289
rice_curry,0.14,28.7,62.6,0.919
raw_salads,2.48,33.3,57.0,0.0
baked_goods,4.57,26.2,48.7,0.067
fried_items,3.94,35.8,34.4,0.0
dairy_based,8.1,29.4,43.5,0.0
baked_goods,3.78,22.6,35.4,0.395
fried_items,5.3,29.0,37.6,0.0
dairy_based,5.94,34.2,39.8,0.008
dairy_based,0.22,36.0,48.1,0.728
rice_curry,5.15,31.1,30.7,0.0
dry_snacks,3.45,24.2,87.0,0.435
fried_items,4.21,22.7,37.4,0.009
raw_salads,1.0,27.5,53.0,0.316
dry_snacks,7.83,34.0,82.8,0.0
raw_salads,9.42,26.6,36.4,0.017
baked_goods,0.22,26.7,59.0,1.0
rice_curry,6.01,24.3,80.7,0.009
fried_items,7.64,22.0,63.4,0.077
dry_snacks,2.85,23.0,42.6,0.722
baked_goods,7.88,24.8,74.1,0.0
baked_goods,6.32,34.3,70.9,0.0
dairy_based,9.29,22.6,51.7,0.0
dry_snacks,9.81,24.3,32.8,0.015
raw_salads,0.42,18.8,30.5,0.828
dairy_based,4.45,28.3,79.5,0.002
raw_salads,5.47,32.2,49.3,0.0
baked_goods,1.47,33.7,38.3,0.544
baked_goods,3.36,25.2,61.1,0.343
baked_goods,9.88,27.4,85.2,0.0
rice_curry,0.16,23.1,30.5,0.955
dairy_based,4.53,27.2,33.4,0.0
dairy_based,8.43,25.9,55.0,0.0
dairy_based,3.24,24.3,70.6,0.007
dry_snacks,4.8,24.8,58.6,0.283
fried_items,9.78,26.7,83.9,0.01
dry_snacks,4.75,22.2,32.6,0.391
baked_goods,1.31,22.5,50.4,0.761
baked_goods,0.52,34.2,51.1,0.852
raw_salads,9.45,40.0,50.4,0.012
baked_goods,2.66,16.8,59.3,0.642
dairy_based,5.04,16.4,77.4,0.023
raw_salads,0.91,18.3,49.1,0.695
dairy_based,4.24,23.4,74.7,0.0
rice_curry,9.3,29.4,38.8,0.045
raw_salads,5.02,27.5,63.6,0.0
dairy_based,9.71,25.0,52.5,0.032
dry_snacks,2.59,27.2,62.4,0.527
dairy_based,5.05,19.8,36.5,0.029
baked_goods,8.6,22.5,87.2,0.0
rice_curry,4.48,23.9,84.4,0.0
dairy_based,2.79,14.5,79.6,0.0
dry_snacks,8.55,17.0,83.6,0.115
baked_goods,3.9,17.3,38.8,0.568
dairy_based,5.31,28.6,60.2,0.0
rice_curry,9.77,25.5,49.1,0.063
rice_curry,1.86,27.7,83.2,0.0
fried_items,3.01,13.0,41.4,0.442
baked_goods,0.31,15.1,43.2,0.912
raw_salads,3.92,28.0,71.2,0.0
dairy_based,2.0,7.3,35.3,0.584
dry_snacks,6.8,31.3,73.9,0.032
baked_goods,1.81,13.1,46.1,0.779
fried_items,6.75,29.1,69.7,0.0
baked_goods,2.63,18.7,82.4,0.609
dry_snacks,3.55,30.3,66.6,0.242
rice_curry,3.49,40.0,42.8,0.028
baked_goods,7.17,10.4,32.9,0.128
baked_goods,4.67,28.2,32.7,0.0
dairy_based,3.61,13.2,35.3,0.0
baked_goods,8.53,26.6,64.8,0.017
raw_salads,5.72,22.8,50.9,0.0
dairy_based,2.14,24.8,44.6,0.014
raw_salads,9.0,18.5,43.2,0.011
rice_curry,3.43,28.7,86.9,0.0
rice_curry,0.39,15.3,37.1,0.882
baked_goods,4.95,31.4,48.3,0.003
fried_items,1.24,21.5,58.3,0.729
dry_snacks,2.38,15.6,30.0,0.722
baked_goods,7.47,33.6,85.3,0.0
rice_curry,1.31,23.6,35.9,0.438
baked_goods,8.07,35.4,70.9,0.0
dry_snacks,9.37,31.3,67.7,0.01
baked_goods,6.07,19.2,78.5,0.22
baked_goods,7.1,23.5,69.1,0.018
baked_goods,7.14,24.7,76.2,0.0
fried_items,9.93,33.2,55.3,0.0
dairy_based,3.42,26.6,59.3,0.025
baked_goods,1.63,25.1,72.1,0.632
rice_curry,5.19,22.8,64.1,0.004
baked_goods,5.33,23.7,60.7,0.075
fried_items,1.78,31.8,42.3,0.21
dairy_based,6.13,24.0,45.5,0.005
fried_items,0.14,21.6,51.5,0.946
fried_items,9.28,20.6,30.6,0.015
dry_snacks,2.65,20.7,55.0,0.719
dry_snacks,0.4,15.6,30.2,0.942
rice_curry,1.08,19.5,63.9,0.675
dry_snacks,2.4,33.0,72.2,0.442
dairy_based,2.74,22.8,63.7,0.015
baked_goods,0.33,28.2,71.6,0.956
fried_items,2.79,9.1,30.0,0.483
dairy_based,1.93,27.4,33.6,0.017
raw_salads,3.79,23.0,71.9,0.0
fried_items,3.85,21.1,78.2,0.083
dry_snacks,3.39,25.1,73.1,0.482
baked_goods,3.28,21.0,69.8,0.571
fried_items,0.9,11.3,72.4,0.819
fried_items,0.25,29.5,74.4,0.784
fried_items,2.02,25.5,73.5,0.388
fried_items,7.57,22.1,74.3,0.014
dry_snacks,9.91,18.2,34.4,0.0
fried_items,9.29,15.2,33.8,0.03
baked_goods,5.04,25.3,51.7,0.052
rice_curry,5.32,33.7,61.7,0.0
fried_items,3.15,25.2,75.8,0.065
dry_snacks,7.74,15.7,50.1,0.188
dairy_based,7.65,25.4,46.5,0.0
dairy_based,8.44,23.7,76.9,0.0
raw_salads,8.96,29.2,45.0,0.0
rice_curry,4.34,27.6,79.3,0.0
rice_curry,7.67,6.1,40.6,0.039
dairy_based,8.06,27.3,51.6,0.037
raw_salads,3.08,18.0,54.1,0.022
raw_salads,9.29,15.5,48.0,0.0
dry_snacks,0.94,22.9,30.2,0.839
rice_curry,9.94,26.5,44.1,0.005
baked_goods,7.7,14.2,50.3,0.036
dry_snacks,0.93,28.2,48.8,0.815
raw_salads,6.56,28.6,77.1,0.04
rice_curry,0.34,24.3,32.8,0.84
raw_salads,7.7,18.8,53.3,0.016
rice_curry,7.99,18.1,32.3,0.03
dairy_based,6.02,30.2,85.8,0.0
fried_items,8.57,14.9,77.4,0.06
dry_snacks,0.98,30.4,88.9,0.743
fried_items,2.76,23.0,84.6,0.239
fried_items,4.14,23.4,48.9,0.0
baked_goods,0.42,13.8,71.5,0.982
raw_salads,4.48,23.1,48.4,0.024
fried_items,2.65,27.7,83.3,0.023
dairy_based,3.93,16.0,54.6,0.0
dairy_based,4.25,27.0,52.6,0.042
dairy_based,8.79,24.5,84.8,0.0
baked_goods,2.7,20.1,80.2,0.68
rice_curry,8.94,29.1,88.0,0.0
rice_curry,4.26,10.8,34.0,0.015
dairy_based,3.28,26.1,44.6,0.009
dry_snacks,5.03,33.7,48.1,0.0
dry_snacks,4.18,32.6,55.5,0.05
dry_snacks,2.57,26.3,58.4,0.544
baked_goods,5.03,22.2,47.5,0.249
baked_goods,1.52,20.2,77.4,0.812
baked_goods,3.52,22.2,43.4,0.494
dairy_based,5.66,27.3,71.8,0.008
baked_goods,4.13,19.2,81.1,0.458
dry_snacks,8.24,28.5,66.2,0.04
raw_salads,2.57,36.8,51.2,0.027
fried_items,9.7,23.6,41.3,0.042
raw_salads,7.85,15.9,38.1,0.044
dry_snacks,9.68,15.9,74.7,0.014
dairy_based,8.38,28.7,58.1,0.012
baked_goods,1.42,23.6,32.8,0.781
dairy_based,5.26,29.3,89.0,0.0
dairy_based,1.7,20.8,70.3,0.038
dry_snacks,8.18,29.0,80.7,0.0
dairy_based,5.84,23.1,56.3,0.0
rice_curry,2.63,19.6,87.3,0.085
rice_curry,9.3,21.6,42.0,0.0
baked_goods,1.15,16.8,41.1,0.86
fried_items,5.64,35.9,83.4,0.0
fried_items,7.21,23.4,83.5,0.012
dairy_based,0.59,27.9,59.9,0.535
raw_salads,5.98,20.8,37.5,0.014
dry_snacks,8.16,17.7,48.3,0.163
dairy_based,0.68,22.6,75.2,0.579
dry_snacks,5.12,30.6,80.8,0.0
dairy_based,2.59,20.9,50.9,0.0
raw_salads,6.63,18.8,33.7,0.0
dairy_based,1.19,24.9,69.9,0.09
raw_salads,9.37,27.0,74.4,0.0
dairy_based,8.95,33.9,55.4,0.024
baked_goods,1.86,26.1,65.0,0.636
dairy_based,3.23,27.9,89.2,0.026
rice_curry,5.88,28.3,44.7,0.02
baked_goods,7.18,17.1,64.4,0.111
raw_salads,4.43,18.2,66.7,0.0
rice_curry,1.56,17.5,62.9,0.445
baked_goods,1.04,16.0,82.1,0.831
rice_curry,10.0,28.8,66.3,0.0
baked_goods,4.55,25.7,60.5,0.027
baked_goods,8.73,24.5,37.4,0.0
dairy_based,4.82,8.4,72.2,0.036
baked_goods,9.22,36.3,37.9,0.011
rice_curry,0.88,18.6,31.6,0.696
dry_snacks,1.14,36.3,59.3,0.712
dry_snacks,9.3,15.3,64.3,0.007
dairy_based,9.47,19.1,89.9,0.0
raw_salads,3.15,10.8,72.7,0.026
dry_snacks,3.55,26.2,80.9,0.401
dairy_based,4.52,17.4,50.8,0.0
baked_goods,4.16,17.6,60.5,0.467
rice_curry,1.9,15.8,88.5,0.376
baked_goods,8.98,28.7,55.0,0.008
rice_curry,2.53,28.3,78.4,0.0
baked_goods,7.05,34.9,61.6,0.069
fried_items,0.67,19.9,43.4,0.828
fried_items,0.39,25.3,64.8,0.869
rice_curry,6.54,16.3,43.1,0.0
dairy_based,3.39,22.0,30.2,0.0
raw_salads,6.55,20.9,44.2,0.0
dry_snacks,0.94,26.8,41.6,0.861
baked_goods,9.5,30.1,52.3,0.039
dairy_based,7.49,29.9,83.3,0.0
baked_goods,8.76,18.9,53.3,0.0
fried_items,1.36,30.0,80.7,0.448
dairy_based,3.2,23.7,63.3,0.012
rice_curry,3.68,22.1,30.5,0.007
fried_items,5.37,19.7,41.3,0.008
dry_snacks,2.97,20.6,85.9,0.655
fried_items,0.61,34.5,66.3,0.7
dry_snacks,3.69,25.8,85.8,0.384
fried_items,2.55,25.0,48.6,0.266
fried_items,3.86,22.4,73.0,0.095
dry_snacks,1.97,38.7,76.3,0.424
baked_goods,2.62,31.8,88.5,0.257
dairy_based,6.27,19.7,31.1,0.008
baked_goods,3.88,22.4,87.1,0.354
dry_snacks,3.45,22.7,53.5,0.584
rice_curry,5.34,24.9,80.3,0.0
dairy_based,7.72,19.8,62.7,0.0
rice_curry,3.79,26.6,63.9,0.023
rice_curry,5.88,32.7,51.6,0.001
fried_items,9.66,16.1,79.7,0.0
dry_snacks,5.22,17.2,45.8,0.489
baked_goods,9.1,21.1,59.5,0.007
dry_snacks,7.94,21.4,63.6,0.122
rice_curry,0.59,36.0,74.6,0.502
fried_items,4.29,30.0,58.3,0.0
baked_goods,6.98,29.7,70.8,0.0
rice_curry,9.87,22.4,59.1,0.0
rice_curry,4.58,22.3,69.6,0.001
raw_salads,0.93,15.3,70.4,0.633
raw_salads,5.62,28.7,72.6,0.0
fried_items,1.27,26.9,79.4,0.549
dairy_based,7.52,31.7,62.4,0.027
dairy_based,5.08,22.7,41.6,0.0
fried_items,7.23,23.1,70.8,0.064
fried_items,8.69,25.0,34.6,0.023
rice_curry,6.29,29.4,43.1,0.0
dry_snacks,6.12,15.2,77.5,0.376
dry_snacks,7.55,28.4,56.1,0.023
raw_salads,8.42,23.9,59.9,0.0
dairy_based,8.69,17.6,89.2,0.0
dairy_based,0.36,11.5,44.1,0.787
dairy_based,5.56,23.2,31.2,0.016
baked_goods,2.16,32.7,36.7,0.334
dry_snacks,8.6,34.0,44.7,0.0
dry_snacks,6.48,26.1,73.6,0.003
rice_curry,4.2,35.8,76.5,0.0
dairy_based,1.88,23.7,63.9,0.0
baked_goods,3.39,29.7,45.3,0.149
dairy_based,7.04,21.3,61.3,0.0
dairy_based,2.04,20.9,30.9,0.015
raw_salads,0.94,19.9,70.9,0.591
dry_snacks,8.88,11.6,66.9,0.089
fried_items,7.64,31.7,31.3,0.01
fried_items,2.0,20.2,79.0,0.568
dairy_based,2.92,19.2,75.8,0.0
baked_goods,9.72,16.9,48.5,0.0
rice_curry,7.08,22.8,68.1,0.003
raw_salads,6.11,34.6,66.1,0.0
rice_curry,3.08,36.6,38.6,0.0
fried_items,2.99,14.0,41.6,0.371
fried_items,0.4,21.9,71.0,0.896
raw_salads,7.28,17.8,86.0,0.0
dairy_based,0.43,29.9,64.6,0.568
rice_curry,0.05,25.7,64.1,1.0
dry_snacks,7.29,20.2,68.8,0.27
dairy_based,9.49,24.4,56.4,0.0
baked_goods,7.57,21.1,33.3,0.022
dry_snacks,4.72,33.7,53.8,0.001
raw_salads,4.86,27.3,84.0,0.0
fried_items,4.36,28.0,78.3,0.021
dry_snacks,3.25,8.0,85.6,0.818
rice_curry,5.22,23.6,39.2,0.001
fried_items,4.31,36.5,60.4,0.035
rice_curry,5.98,32.0,65.1,0.004
dry_snacks,8.98,12.9,42.6,0.091
fried_items,9.95,22.1,42.1,0.0
baked_goods,0.79,16.8,76.9,0.817
dry_snacks,3.85,34.3,70.3,0.118
rice_curry,1.81,25.5,68.8,0.069
rice_curry,3.52,19.4,46.0,0.0
fried_items,2.87,24.2,60.4,0.193
baked_goods,1.75,8.4,31.4,0.753
baked_goods,7.64,17.5,37.8,0.035
raw_salads,4.96,24.2,61.1,0.0
baked_goods,9.19,29.1,48.6,0.0
rice_curry,0.33,12.4,87.9,0.8
dry_snacks,0.67,21.7,58.3,0.874
fried_items,4.03,30.1,35.0,0.031
raw_salads,0.8,15.3,31.1,0.649
raw_salads,2.63,25.4,73.5,0.003
rice_curry,9.86,24.4,40.3,0.029
rice_curry,2.09,34.3,41.3,0.0
dry_snacks,1.98,22.6,55.4,0.741
dry_snacks,5.74,23.0,45.8,0.26
fried_items,4.98,29.1,67.0,0.0
fried_items,5.8,16.0,59.1,0.036
dairy_based,3.77,22.7,36.7,0.056
rice_curry,8.27,21.3,77.1,0.026
baked_goods,1.39,23.2,55.6,0.707
dairy_based,4.28,29.1,66.7,0.0
baked_goods,6.9,27.3,30.2,0.0
raw_salads,8.68,19.5,67.6,0.006
rice_curry,3.7,24.8,47.0,0.0
rice_curry,5.68,32.9,59.7,0.0
raw_salads,0.69,19.0,47.9,0.763
fried_items,1.7,24.9,89.8,0.447
rice_curry,0.69,22.8,43.9,0.659
fried_items,7.28,23.6,84.8,0.0
fried_items,2.88,14.2,85.1,0.411
raw_salads,7.24,32.5,55.3,0.0
rice_curry,0.66,19.4,48.2,0.786
raw_salads,8.63,30.2,52.9,0.0
raw_salads,8.36,20.3,89.4,0.0
rice_curry,0.89,20.2,67.1,0.732
dry_snacks,0.24,31.3,62.7,0.959
fried_items,0.56,30.0,32.2,0.765
dry_snacks,8.54,25.3,80.9,0.0
rice_curry,2.35,28.6,35.0,0.044
dairy_based,5.48,22.3,32.8,0.018
raw_salads,4.26,23.9,46.5,0.034
raw_salads,7.96,20.0,58.5,0.0
dry_snacks,4.89,29.4,83.7,0.028
raw_salads,5.01,19.8,77.4,0.0
dry_snacks,9.89,32.9,41.9,0.0
baked_goods,1.5,22.1,52.3,0.77
raw_salads,8.31,24.1,76.8,0.0
raw_salads,0.52,28.6,61.6,0.626
rice_curry,4.78,24.1,40.5,0.0
raw_salads,8.86,22.2,53.8,0.017
dry_snacks,6.65,23.8,67.6,0.082
fried_items,6.85,29.4,88.4,0.0
dairy_based,2.63,20.0,69.7,0.004
rice_curry,4.19,23.2,31.0,0.0
dry_snacks,3.67,24.1,72.3,0.452
baked_goods,5.21,29.2,45.1,0.016
dairy_based,4.62,23.4,81.7,0.0
fried_items,3.27,34.8,53.0,0.0
dairy_based,3.05,23.1,42.0,0.0
dairy_based,2.51,22.6,58.1,0.0
raw_salads,3.65,23.0,45.3,0.0
dry_snacks,1.5,16.1,44.1,0.896
baked_goods,8.72,17.8,64.4,0.005
baked_goods,6.02,20.8,76.0,0.17
dairy_based,1.34,30.8,80.1,0.0
rice_curry,6.94,23.8,53.9,0.022
dry_snacks,8.48,21.1,34.0,0.041
raw_salads,2.38,31.4,59.0,0.0
raw_salads,1.51,33.3,56.0,0.023
rice_curry,0.09,31.5,41.8,0.95
dry_snacks,0.47,18.9,83.8,0.854
dry_snacks,7.62,21.0,88.4,0.126
dry_snacks,9.87,34.9,33.1,0.004
baked_goods,0.45,25.4,77.7,0.885
raw_salads,7.48,22.4,68.7,0.0
dry_snacks,0.72,28.3,45.7,0.814
baked_goods,5.92,30.0,68.1,0.0
rice_curry,7.56,20.6,37.7,0.0
dairy_based,3.59,25.3,34.2,0.008
fried_items,0.11,29.6,89.6,0.831
baked_goods,5.95,17.0,68.2,0.223
raw_salads,9.91,24.1,45.2,0.0
dry_snacks,2.58,17.3,57.0,0.735
rice_curry,1.89,18.1,87.0,0.4
rice_curry,1.24,20.6,56.3,0.555
rice_curry,5.55,26.9,84.0,0.0
raw_salads,5.96,22.1,82.1,0.003
baked_goods,7.92,20.1,50.6,0.001
rice_curry,7.53,24.3,71.8,0.0
raw_salads,8.93,17.1,69.6,0.018
dairy_based,8.06,26.6,76.3,0.0
fried_items,2.47,30.8,52.0,0.009
dairy_based,5.56,23.5,33.1,0.0
dry_snacks,2.97,22.8,40.3,0.609
raw_salads,3.3,26.2,67.0,0.021
dry_snacks,9.32,11.8,76.5,0.041
rice_curry,6.82,27.2,75.4,0.022
rice_curry,9.75,40.0,65.0,0.0
rice_curry,4.17,23.3,35.1,0.043
dry_snacks,5.37,23.3,31.0,0.3
dry_snacks,4.87,28.5,76.9,0.055
baked_goods,1.07,33.9,63.0,0.692
raw_salads,2.37,29.8,77.0,0.0
dry_snacks,5.28,11.1,39.8,0.473
rice_curry,0.67,27.4,54.4,0.595
fried_items,9.31,39.4,85.2,0.0
raw_salads,1.24,27.7,40.3,0.15
baked_goods,1.98,17.1,33.7,0.768
baked_goods,7.65,25.7,69.2,0.0
fried_items,0.97,16.3,65.7,0.768
dairy_based,9.0,31.4,87.1,0.0
rice_curry,7.26,18.3,84.4,0.0
raw_salads,0.69,24.4,75.0,0.568
baked_goods,6.92,18.9,31.1,0.183
dry_snacks,6.32,20.7,58.8,0.347
baked_goods,7.57,32.9,83.8,0.0
dry_snacks,8.28,24.6,56.0,0.0
baked_goods,7.18,20.6,87.7,0.01
baked_goods,5.86,17.1,69.1,0.248
dry_snacks,3.22,12.8,36.6,0.715
dairy_based,6.97,16.5,60.6,0.029
dry_snacks,9.57,24.7,71.7,0.0
fried_items,5.88,29.9,33.9,0.02
raw_salads,6.64,20.6,50.7,0.025
dry_snacks,4.37,33.4,73.0,0.0
dairy_based,7.56,19.7,39.4,0.012
raw_salads,9.98,22.6,50.9,0.018
rice_curry,1.6,17.5,71.4,0.469
dry_snacks,2.02,29.9,76.5,0.556
dairy_based,5.39,36.6,61.1,0.0
fried_items,4.81,13.4,87.4,0.001
fried_items,5.72,21.9,85.5,0.0
rice_curry,0.49,31.6,58.4,0.603
raw_salads,4.04,15.3,39.6,0.02
fried_items,5.83,27.4,76.4,0.0
rice_curry,5.85,31.3,44.6,0.0
raw_salads,6.57,24.5,80.6,0.0
raw_salads,7.2,27.3,65.2,0.0
dairy_based,6.42,34.6,53.6,0.005
dry_snacks,7.9,35.7,63.4,0.0
fried_items,6.25,23.6,62.0,0.0
fried_items,5.38,20.8,85.5,0.0
dry_snacks,6.06,18.5,42.9,0.348
fried_items,1.01,29.9,85.7,0.565
raw_salads,2.73,15.8,31.9,0.0
dry_snacks,5.27,22.5,76.2,0.322
baked_goods,8.73,24.6,85.2,0.0
dry_snacks,6.79,21.0,53.6,0.302
baked_goods,0.9,25.7,34.4,0.775
dairy_based,5.92,39.4,78.3,0.008
dry_snacks,2.22,23.3,80.6,0.61
raw_salads,7.34,21.4,50.2,0.042
dry_snacks,8.27,30.1,61.1,0.0
fried_items,5.93,25.4,78.6,0.055
rice_curry,5.91,32.6,41.5,0.0
raw_salads,3.39,25.0,67.7,0.031
baked_goods,4.46,22.5,55.8,0.335
baked_goods,8.64,13.3,40.5,0.0
dairy_based,7.23,14.3,79.9,0.0
dairy_based,5.2,13.0,49.5,0.0
fried_items,3.68,26.3,86.1,0.0
baked_goods,0.5,15.8,64.1,0.92
raw_salads,1.43,31.5,60.9,0.0
dry_snacks,1.93,24.2,55.4,0.742
fried_items,3.73,22.5,54.0,0.037
dry_snacks,9.44,18.9,79.1,0.027
rice_curry,5.05,27.7,70.7,0.0
baked_goods,2.35,19.2,76.4,0.671
rice_curry,1.06,18.1,55.3,0.633
baked_goods,3.38,31.1,45.7,0.152
dairy_based,8.16,26.1,35.2,0.0
rice_curry,3.83,22.6,76.6,0.0
dairy_based,7.73,27.8,54.9,0.0
fried_items,8.03,24.1,60.6,0.013
baked_goods,1.11,26.3,58.2,0.743
fried_items,6.09,19.1,55.9,0.013
raw_salads,9.59,36.4,71.0,0.0
raw_salads,4.02,20.5,66.5,0.0
baked_goods,0.51,33.3,88.3,0.877
fried_items,9.23,22.9,38.3,0.044
rice_curry,8.84,28.8,64.4,0.0
dairy_based,5.22,28.4,33.8,0.0
dry_snacks,5.52,30.9,78.5,0.0
dairy_based,2.12,19.0,67.0,0.0
raw_salads,8.19,30.5,55.7,0.041
dairy_based,4.99,35.1,78.1,0.0
dry_snacks,0.34,22.4,57.3,1.0
fried_items,6.83,24.2,43.7,0.0
raw_salads,9.5,20.9,58.4,0.0
raw_salads,8.29,21.9,34.2,0.038
rice_curry,2.77,34.3,83.9,0.0
dairy_based,0.53,18.0,73.9,0.728
fried_items,9.4,18.3,75.6,0.017
rice_curry,9.37,33.7,82.5,0.0
rice_curry,5.32,27.7,77.5,0.0
rice_curry,6.42,36.7,55.9,0.0
raw_salads,4.63,21.3,37.1,0.018
baked_goods,4.2,24.8,52.4,0.237
raw_salads,1.19,20.0,86.0,0.526
baked_goods,0.97,24.9,86.9,0.785
raw_salads,2.33,13.4,76.1,0.01
dry_snacks,8.37,28.1,42.3,0.0
raw_salads,1.46,25.9,41.7,0.156
dry_snacks,2.27,23.7,82.8,0.683
dairy_based,5.49,21.7,38.5,0.004
fried_items,2.15,18.6,65.0,0.573
dairy_based,1.63,28.4,52.7,0.0
dry_snacks,5.63,17.0,48.1,0.413
rice_curry,3.68,27.1,70.6,0.042
baked_goods,6.26,36.4,87.6,0.0
rice_curry,9.12,32.9,76.7,0.0
rice_curry,1.51,15.0,59.2,0.46
raw_salads,9.13,20.8,56.4,0.0
dry_snacks,9.02,26.5,84.5,0.0
raw_salads,8.29,23.6,64.7,0.057
raw_salads,6.31,15.6,59.8,0.0
fried_items,6.2,26.3,71.0,0.0
dry_snacks,6.39,23.9,44.2,0.107
dry_snacks,6.9,35.5,33.8,0.008
rice_curry,0.16,22.5,81.3,0.872
fried_items,9.58,31.0,66.4,0.006
dry_snacks,5.86,16.4,39.9,0.451
dairy_based,7.81,17.8,47.9,0.004
dry_snacks,3.77,28.3,89.4,0.255
fried_items,0.12,30.5,68.1,0.925
dry_snacks,5.1,18.3,68.2,0.432
baked_goods,5.07,24.1,34.3,0.099
dry_snacks,4.37,15.7,88.1,0.544
rice_curry,3.4,22.9,83.6,0.0
rice_curry,2.5,29.0,62.9,0.055
baked_goods,5.28,21.4,48.6,0.273
dry_snacks,3.75,22.5,71.9,0.465
dairy_based,9.7,17.2,80.0,0.0
fried_items,1.73,20.1,77.2,0.604
fried_items,3.2,34.5,88.6,0.019
baked_goods,2.94,24.4,68.2,0.488
baked_goods,5.43,18.0,49.3,0.37
dairy_based,4.99,22.1,59.9,0.0
baked_goods,6.44,14.4,79.0,0.17
rice_curry,9.5,17.9,45.9,0.0
raw_salads,2.85,32.2,43.9,0.01
fried_items,6.93,23.1,73.5,0.0
baked_goods,0.25,35.3,56.7,0.914
raw_salads,2.62,23.4,79.0,0.03
baked_goods,4.64,23.8,38.6,0.197
raw_salads,0.31,27.8,50.1,0.819
fried_items,6.18,8.0,46.1,0.458
dry_snacks,6.78,25.2,71.9,0.069
dairy_based,7.47,23.7,75.6,0.0
rice_curry,5.17,32.9,57.4,0.021
raw_salads,6.04,29.8,58.7,0.026
rice_curry,3.96,17.2,37.9,0.0
rice_curry,0.41,31.5,72.1,0.717
rice_curry,1.0,22.4,89.5,0.583
fried_items,6.55,18.6,76.7,0.0
fried_items,9.96,25.2,43.4,0.0
raw_salads,0.16,22.8,67.4,0.913
dairy_based,5.58,33.2,47.7,0.0
rice_curry,7.51,26.0,31.8,0.042
dry_snacks,8.27,25.2,40.8,0.021
dry_snacks,5.45,29.4,36.2,0.0
dairy_based,6.2,30.6,41.8,0.018
raw_salads,6.97,28.7,77.7,0.0
fried_items,8.59,32.5,47.6,0.0
raw_salads,1.22,27.7,75.4,0.13
dry_snacks,9.26,25.0,86.9,0.007
dry_snacks,0.26,31.4,64.5,0.946
raw_salads,8.36,23.5,59.1,0.044
dry_snacks,0.77,24.2,75.0,0.902
dry_snacks,1.95,34.3,35.8,0.512
dairy_based,0.04,33.7,55.7,0.95
raw_salads,4.45,24.0,59.9,0.012
baked_goods,3.34,21.3,79.9,0.495
dry_snacks,1.66,32.8,78.9,0.649
raw_salads,4.51,28.8,80.9,0.0
raw_salads,4.02,25.9,71.9,0.0
baked_goods,7.68,22.1,61.8,0.02
raw_salads,8.93,26.0,79.7,0.0
rice_curry,6.53,23.9,82.4,0.0
raw_salads,1.24,20.0,58.8,0.499
rice_curry,2.95,24.8,89.1,0.0
baked_goods,9.13,25.6,82.5,0.0
fried_items,0.89,21.7,60.6,0.759
baked_goods,4.07,29.4,34.2,0.047
fried_items,9.43,31.7,43.5,0.012
fried_items,9.51,29.8,76.6,0.014
fried_items,4.11,22.3,36.7,0.023
baked_goods,6.67,28.5,58.2,0.065
baked_goods,4.57,24.5,66.3,0.201
dry_snacks,7.53,16.6,82.7,0.202
baked_goods,0.32,28.0,80.8,0.922
fried_items,1.44,24.9,75.9,0.538
rice_curry,6.14,39.6,54.5,0.0
fried_items,2.33,32.7,38.5,0.0
raw_salads,6.66,28.3,70.2,0.0
raw_salads,3.51,25.5,40.9,0.016
raw_salads,8.87,25.0,63.7,0.0
dairy_based,8.19,18.0,88.8,0.0
baked_goods,4.93,13.6,63.0,0.335
dairy_based,7.73,18.8,68.7,0.055
baked_goods,2.71,23.7,70.7,0.534
fried_items,4.94,11.4,79.8,0.0
rice_curry,1.97,20.7,56.1,0.307
rice_curry,8.61,22.5,59.9,0.066
dry_snacks,8.23,22.7,40.6,0.019
dry_snacks,9.02,20.0,66.9,0.005
dairy_based,8.77,22.0,47.7,0.08
dairy_based,9.6,34.3,60.5,0.0
dry_snacks,2.28,28.0,76.0,0.567
dairy_based,9.32,20.6,31.1,0.0
fried_items,5.71,23.6,63.8,0.0
rice_curry,4.22,23.8,40.4,0.009
dairy_based,5.6,19.4,46.8,0.0
dairy_based,3.43,19.4,32.1,0.0
fried_items,2.89,30.1,40.2,0.034
dairy_based,2.41,21.5,89.2,0.0
baked_goods,0.82,17.4,89.9,0.825
rice_curry,4.97,23.7,73.2,0.0
dairy_based,8.88,24.7,66.7,0.0
dairy_based,6.3,12.2,76.6,0.0
rice_curry,5.21,23.8,83.8,0.0
baked_goods,4.29,29.2,61.2,0.014
rice_curry,4.64,26.7,32.1,0.018
rice_curry,2.09,37.4,72.6,0.0
baked_goods,8.23,31.5,89.1,0.0
raw_salads,1.98,32.7,45.5,0.004
baked_goods,7.17,40.0,57.8,0.0
raw_salads,7.6,28.5,51.7,0.005
raw_salads,5.75,25.0,53.4,0.044
dairy_based,8.63,29.8,73.3,0.0
baked_goods,2.91,20.6,52.7,0.576
rice_curry,8.82,24.6,86.5,0.0
dairy_based,7.29,20.1,77.4,0.0
fried_items,7.99,26.4,31.7,0.0
raw_salads,6.65,20.1,79.1,0.0
raw_salads,8.46,19.9,76.4,0.004
dairy_based,9.93,26.5,61.0,0.0
fried_items,4.2,23.2,59.8,0.0
rice_curry,8.14,12.4,80.1,0.042
baked_goods,7.45,15.3,55.5,0.105
fried_items,4.53,17.1,39.6,0.119
fried_items,9.27,18.7,48.8,0.004
baked_goods,3.94,26.5,45.9,0.157
fried_items,5.65,25.3,70.9,0.023
dry_snacks,1.06,30.4,40.7,0.788
rice_curry,2.26,28.5,68.7,0.0
rice_curry,8.41,30.4,58.0,0.0
baked_goods,3.97,27.7,80.4,0.076
dry_snacks,3.94,25.3,59.1,0.43
rice_curry,2.46,30.6,85.8,0.0
fried_items,4.92,29.5,84.0,0.0
baked_goods,8.06,26.3,41.1,0.0
fried_items,8.95,31.6,71.2,0.0
raw_salads,0.7,9.9,42.9,0.656
raw_salads,5.75,22.3,79.4,0.0
dry_snacks,4.67,22.2,68.1,0.401
raw_salads,6.14,30.9,47.6,0.0
fried_items,4.47,33.4,44.9,0.009
fried_items,3.99,15.3,55.8,0.227
dry_snacks,4.72,32.5,78.0,0.0
fried_items,5.82,17.0,77.8,0.024
baked_goods,5.01,17.2,32.0,0.35
fried_items,4.72,22.6,48.1,0.0
dry_snacks,8.18,22.1,55.4,0.01
fried_items,7.46,14.6,65.1,0.028
raw_salads,3.41,27.9,39.0,0.003
baked_goods,8.01,28.1,50.1,0.004
dry_snacks,8.54,30.3,83.1,0.0
raw_salads,1.53,21.4,58.6,0.273
raw_salads,5.83,23.8,74.6,0.018
rice_curry,2.85,23.8,59.1,0.0
baked_goods,7.39,34.1,57.9,0.04
dairy_based,2.39,7.0,67.3,0.53
fried_items,6.71,18.3,45.6,0.0
dairy_based,2.55,24.0,45.0,0.0
baked_goods,5.11,17.5,89.4,0.389
raw_salads,9.49,22.5,82.1,0.02
baked_goods,3.81,23.2,74.3,0.351
raw_salads,8.76,20.1,38.2,0.004
raw_salads,9.87,24.4,31.8,0.0
dry_snacks,8.75,27.8,40.5,0.004
rice_curry,1.66,22.6,86.3,0.258
baked_goods,8.2,21.3,79.0,0.0
fried_items,0.32,23.0,61.4,0.969
dry_snacks,3.93,24.0,88.1,0.42
dry_snacks,8.71,13.6,38.8,0.098
fried_items,6.89,26.8,63.5,0.0
fried_items,5.33,21.3,41.0,0.004
rice_curry,3.88,31.6,48.4,0.0
rice_curry,8.12,27.5,86.4,0.0
dry_snacks,7.1,31.0,82.1,0.0
fried_items,4.68,17.9,36.1,0.084
dry_snacks,8.92,21.8,45.0,0.0
fried_items,2.3,16.5,65.7,0.536
dairy_based,1.7,19.8,33.7,0.138
dairy_based,6.43,31.5,63.0,0.049
baked_goods,9.72,32.9,65.1,0.0
fried_items,2.47,17.1,47.5,0.564
baked_goods,2.5,21.3,47.6,0.666
baked_goods,1.39,23.5,43.7,0.807
raw_salads,8.61,27.5,86.1,0.0
baked_goods,2.26,13.4,53.3,0.727
fried_items,5.03,14.4,65.1,0.031
dairy_based,9.91,26.9,48.1,0.027
rice_curry,0.12,12.3,72.2,0.963
fried_items,5.56,21.3,36.1,0.0
dry_snacks,5.12,25.0,34.3,0.228
raw_salads,8.07,26.5,74.7,0.019
raw_salads,3.55,23.1,73.6,0.027
dry_snacks,4.1,21.8,45.9,0.498
baked_goods,1.68,29.1,51.3,0.577
dry_snacks,7.41,25.7,87.4,0.0
baked_goods,7.85,20.1,36.3,0.032
dry_snacks,1.37,24.2,41.0,0.778
dairy_based,3.93,26.3,55.8,0.025
fried_items,8.93,34.3,46.9,0.016
baked_goods,0.03,28.7,68.9,0.968
dairy_based,2.99,31.3,71.4,0.035
raw_salads,5.55,20.3,61.6,0.0
baked_goods,3.34,20.9,66.7,0.59
rice_curry,2.72,22.6,56.0,0.01
baked_goods,4.6,23.1,75.6,0.167
baked_goods,1.82,18.0,32.5,0.821
dairy_based,5.3,31.6,48.8,0.029
baked_goods,7.07,29.3,71.1,0.0
raw_salads,5.75,22.2,49.8,0.0
baked_goods,0.93,27.9,34.7,0.745
baked_goods,8.44,25.3,50.7,0.072
fried_items,1.75,28.3,72.7,0.319
rice_curry,7.65,15.9,37.3,0.0
baked_goods,3.61,23.1,73.5,0.403
dairy_based,7.83,23.7,76.5,0.0
fried_items,2.06,27.7,68.1,0.231
rice_curry,1.87,20.2,44.7,0.393
rice_curry,4.97,9.0,78.3,0.0
dry_snacks,0.33,17.5,42.9,0.955
raw_salads,2.25,23.6,84.3,0.0
dry_snacks,7.24,24.4,72.4,0.0
dry_snacks,8.37,34.1,33.3,0.0
raw_salads,0.81,27.5,78.0,0.394
fried_items,8.82,24.5,60.4,0.0
dairy_based,7.98,23.8,57.2,0.0
baked_goods,8.7,30.6,55.2,0.0
dairy_based,6.98,20.5,66.4,0.025
dry_snacks,6.74,23.2,73.5,0.123
baked_goods,5.25,17.5,83.8,0.292
rice_curry,6.53,32.5,46.4,0.0
fried_items,9.19,26.4,67.8,0.0
raw_salads,1.01,19.8,71.2,0.651
raw_salads,3.16,23.3,70.5,0.0
dairy_based,0.72,27.1,59.6,0.377
baked_goods,9.45,22.5,53.5,0.003
fried_items,4.45,20.8,75.7,0.02
dairy_based,6.75,20.1,48.0,0.0
dry_snacks,8.41,26.0,42.5,0.035
dairy_based,9.91,21.9,62.7,0.011
fried_items,1.62,21.3,46.1,0.66
raw_salads,8.0,16.0,32.0,0.018
dry_snacks,8.87,24.5,33.1,0.027
baked_goods,0.49,22.9,71.7,0.957
raw_salads,7.54,22.1,88.4,0.012
raw_salads,3.55,25.2,57.3,0.07
dairy_based,6.49,28.5,38.8,0.037
dry_snacks,5.14,28.2,79.1,0.025
rice_curry,2.6,27.3,45.7,0.025
raw_salads,1.35,22.6,89.7,0.312
raw_salads,1.17,20.6,63.8,0.558
fried_items,1.03,17.7,44.0,0.764
dry_snacks,6.38,20.4,59.8,0.351
dry_snacks,3.51,24.1,50.1,0.483
dairy_based,2.17,19.3,76.8,0.0
fried_items,6.92,24.6,36.3,0.0
dry_snacks,6.87,18.2,81.4,0.306
baked_goods,5.39,14.0,76.0,0.268
fried_items,9.35,28.9,81.7,0.002
dry_snacks,3.85,21.2,83.7,0.553
dry_snacks,8.36,19.0,43.8,0.169
dairy_based,0.75,17.4,61.3,0.682
baked_goods,7.4,26.5,81.0,0.0
baked_goods,9.88,32.2,52.6,0.01
dairy_based,8.47,21.6,33.6,0.003
rice_curry,5.8,22.7,47.5,0.006
raw_salads,6.27,30.4,44.5,0.067
dairy_based,3.53,13.1,82.2,0.0
rice_curry,6.79,35.8,57.8,0.0
dairy_based,7.7,38.7,71.0,0.045
dry_snacks,9.98,7.8,87.7,0.564
rice_curry,4.92,23.4,48.0,0.0
fried_items,0.61,19.7,75.7,0.839
raw_salads,5.96,22.4,31.4,0.0
baked_goods,1.19,21.5,36.2,0.775
baked_goods,2.45,28.9,39.7,0.412
fried_items,3.29,23.3,48.7,0.122
dry_snacks,7.31,18.5,54.2,0.304
dairy_based,1.84,23.0,58.6,0.019
raw_salads,1.66,27.1,44.7,0.018
dry_snacks,0.45,16.9,34.0,0.928
raw_salads,8.73,14.1,70.7,0.016
baked_goods,6.94,36.0,31.4,0.042
rice_curry,0.4,20.1,78.6,0.858
baked_goods,0.28,23.2,85.7,0.94
raw_salads,5.59,21.6,72.6,0.0
dry_snacks,2.83,27.3,65.8,0.537
dry_snacks,5.97,34.6,69.4,0.044
fried_items,4.35,27.5,69.1,0.001
raw_salads,9.23,14.9,85.9,0.0
dry_snacks,2.88,15.7,87.9,0.679
fried_items,6.79,21.6,55.6,0.0
dry_snacks,0.54,22.4,67.0,0.915
fried_items,9.56,13.7,78.2,0.001
fried_items,9.81,28.9,30.1,0.008
dry_snacks,7.39,17.5,61.6,0.289
baked_goods,4.65,33.0,69.2,0.002
raw_salads,2.2,34.9,73.0,0.0
raw_salads,8.13,22.5,52.1,0.0
dry_snacks,7.36,26.6,47.7,0.0
rice_curry,2.22,16.6,40.9,0.255
rice_curry,4.51,27.7,63.5,0.05
dairy_based,4.63,21.0,85.2,0.033
dry_snacks,8.26,17.5,83.8,0.175
raw_salads,6.84,22.3,51.6,0.004
baked_goods,6.43,21.2,45.5,0.058
baked_goods,6.5,22.0,77.3,0.011
rice_curry,2.7,29.7,73.5,0.0
dry_snacks,3.72,19.3,60.3,0.677
raw_salads,0.46,34.4,53.3,0.506
rice_curry,7.87,16.0,37.4,0.012
fried_items,4.33,33.7,77.1,0.0
raw_salads,4.38,17.9,67.0,0.0
dry_snacks,2.45,24.0,52.6,0.677
dry_snacks,2.09,21.1,85.1,0.774
dry_snacks,5.88,21.9,69.6,0.287
dry_snacks,2.33,28.8,85.8,0.56
dry_snacks,0.64,33.0,58.5,0.832
baked_goods,7.68,31.1,57.3,0.007
fried_items,3.76,21.6,86.2,0.133
raw_salads,3.8,25.1,87.6,0.0
baked_goods,4.31,19.3,87.6,0.417
raw_salads,8.15,18.1,79.1,0.0
rice_curry,3.21,17.1,57.7,0.03
rice_curry,7.58,21.4,42.6,0.0
raw_salads,9.4,25.5,53.0,0.0
rice_curry,6.61,12.5,86.3,0.0
dry_snacks,4.32,23.7,51.8,0.394
baked_goods,7.48,33.1,75.4,0.0
baked_goods,4.58,30.7,85.4,0.015
raw_salads,4.14,20.5,88.2,0.0
raw_salads,5.25,15.6,86.9,0.0
dry_snacks,3.18,26.8,63.3,0.446
baked_goods,1.04,10.1,59.5,0.861
raw_salads,4.15,30.7,89.3,0.0
baked_goods,1.24,22.7,43.1,0.825
baked_goods,4.1,35.0,41.3,0.003
raw_salads,5.57,13.6,87.8,0.002
dairy_based,9.31,29.5,71.4,0.0
dry_snacks,0.36,23.4,62.2,1.0
dairy_based,6.21,22.0,37.9,0.0
rice_curry,4.58,15.8,60.8,0.0
dry_snacks,0.2,27.6,86.7,0.99
dry_snacks,2.5,28.1,66.2,0.557
baked_goods,1.18,34.7,54.3,0.644
fried_items,2.17,30.0,63.1,0.141
fried_items,2.75,20.4,83.2,0.421
baked_goods,4.01,18.0,84.8,0.483
fried_items,5.29,15.8,54.0,0.0
fried_items,0.01,32.8,66.5,1.0
dry_snacks,1.62,19.3,46.8,0.858
raw_salads,0.94,32.9,57.1,0.186
dairy_based,5.5,27.2,43.2,0.053
dry_snacks,3.29,26.0,61.9,0.482
baked_goods,5.48,22.2,64.7,0.125
baked_goods,2.22,28.0,50.3,0.555
dry_snacks,0.24,23.9,46.3,0.936
rice_curry,9.41,21.8,39.1,0.01
dry_snacks,1.08,28.2,38.4,0.795
rice_curry,1.27,23.1,72.7,0.419
dry_snacks,1.47,19.2,43.3,0.876
baked_goods,9.81,27.6,37.1,0.007
fried_items,6.18,23.6,89.9,0.0
raw_salads,6.1,26.9,45.6,0.0
baked_goods,9.87,21.3,83.8,0.0
fried_items,0.88,16.7,66.6,0.793
fried_items,9.75,34.4,72.9,0.0
dry_snacks,2.04,33.3,63.7,0.518
dry_snacks,6.23,29.3,40.8,0.055
fried_items,4.2,21.7,80.8,0.0
dry_snacks,3.84,22.2,79.7,0.448
dry_snacks,9.31,32.3,51.0,0.042
rice_curry,1.49,21.9,75.8,0.407
raw_salads,9.97,20.2,62.6,0.0
dairy_based,3.79,35.2,84.5,0.0
baked_goods,6.49,23.7,78.2,0.0
dairy_based,9.68,34.6,32.5,0.058
rice_curry,0.58,15.6,82.8,0.787
dairy_based,9.23,27.1,88.1,0.0
dry_snacks,5.68,36.4,74.5,0.0
baked_goods,7.04,24.2,37.2,0.036
rice_curry,1.49,22.4,78.4,0.369
dairy_based,5.33,17.0,68.8,0.0
raw_salads,6.74,30.5,50.3,0.0
fried_items,4.56,19.4,83.0,0.037
dairy_based,1.55,23.4,63.9,0.042
fried_items,2.44,16.6,81.2,0.488
baked_goods,8.54,33.3,70.2,0.0
rice_curry,0.34,30.9,47.3,0.771
fried_items,7.09,23.8,88.5,0.0
raw_salads,9.99,17.1,64.3,0.0
fried_items,0.07,33.2,61.0,0.934
dairy_based,1.61,21.8,54.2,0.018
dry_snacks,6.74,17.4,38.2,0.358
rice_curry,0.6,13.4,71.2,0.796
raw_salads,5.9,20.1,55.8,0.014
fried_items,6.84,15.3,86.1,0.0
rice_curry,5.88,20.3,87.9,0.0
dairy_based,3.65,28.5,76.1,0.0
fried_items,6.97,21.7,44.5,0.0
fried_items,5.94,26.1,73.0,0.022
baked_goods,2.08,19.7,31.2,0.783
rice_curry,5.63,24.4,79.6,0.0
fried_items,8.82,35.5,59.6,0.0
dairy_based,6.67,21.9,86.2,0.0
raw_salads,4.72,26.3,52.7,0.056
dry_snacks,3.22,14.6,45.8,0.732
dry_snacks,0.86,33.1,89.7,0.748
dairy_based,2.45,21.1,61.8,0.036
fried_items,0.11,30.3,81.8,0.935
baked_goods,9.87,23.3,84.7,0.007
dairy_based,2.22,27.7,61.1,0.023
raw_salads,8.15,28.0,57.3,0.0
dairy_based,1.69,21.3,63.2,0.062
dry_snacks,2.84,30.6,80.9,0.426
dry_snacks,4.18,19.4,87.9,0.553
raw_salads,3.24,28.7,49.7,0.0
dry_snacks,7.98,21.7,74.3,0.008
raw_salads,9.58,26.1,47.1,0.021
rice_curry,8.75,21.2,66.7,0.0
dry_snacks,1.54,24.3,78.3,0.734
rice_curry,7.77,17.6,83.2,0.0
fried_items,1.48,25.5,56.9,0.546
dairy_based,9.13,24.3,52.2,0.0
baked_goods,5.18,20.8,45.2,0.304
fried_items,3.36,23.7,38.0,0.028
dairy_based,1.57,24.8,51.9,0.04
fried_items,0.12,20.3,82.3,0.954
raw_salads,2.48,23.2,55.1,0.0
dairy_based,9.14,18.0,49.0,0.0
dry_snacks,7.97,38.1,74.3,0.017
dairy_based,9.7,30.4,42.9,0.017
raw_salads,1.01,25.6,45.4,0.376
rice_curry,5.92,31.0,86.2,0.0
raw_salads,2.57,12.1,34.9,0.026
fried_items,5.43,8.7,54.9,0.006
fried_items,3.2,21.6,64.6,0.244
rice_curry,2.83,15.7,43.8,0.043
raw_salads,5.74,22.6,46.9,0.013
dry_snacks,1.83,25.2,43.3,0.763
rice_curry,4.69,29.5,50.7,0.0
dairy_based,6.51,17.2,83.9,0.02
dairy_based,1.28,26.4,55.9,0.011
dairy_based,9.31,24.1,55.1,0.011
dry_snacks,5.06,26.1,53.2,0.259
rice_curry,8.2,20.9,87.8,0.022
dry_snacks,6.54,32.3,37.0,0.05
fried_items,7.1,23.4,82.3,0.0
dairy_based,7.16,34.6,49.6,0.066
fried_items,8.75,19.3,87.4,0.0
fried_items,6.14,28.5,48.9,0.0
baked_goods,2.78,23.6,35.0,0.461
fried_items,1.0,22.0,61.2,0.769
fried_items,6.06,27.8,43.7,0.0
fried_items,0.66,22.2,75.2,0.835
fried_items,2.41,8.0,69.4,0.473
fried_items,0.61,5.6,71.2,0.994
rice_curry,5.49,31.6,41.6,0.017
rice_curry,1.6,31.4,72.5,0.056
baked_goods,6.1,35.3,48.7,0.0
dairy_based,7.91,23.9,89.9,0.017
fried_items,8.22,16.2,73.9,0.0
rice_curry,3.1,21.5,65.4,0.001
dairy_based,5.49,24.1,82.0,0.0
fried_items,5.63,18.0,65.4,0.0
fried_items,4.73,33.9,63.2,0.0
fried_items,6.55,37.4,44.2,0.0
dairy_based,2.1,26.9,70.7,0.0
raw_salads,9.79,23.9,52.5,0.0
fried_items,0.98,16.2,32.6,0.807
baked_goods,8.29,33.3,79.0,0.016
baked_goods,5.94,24.5,33.1,0.009
fried_items,2.45,22.3,70.3,0.424
raw_salads,7.46,26.9,39.4,0.0
dry_snacks,0.84,20.5,56.0,0.898
raw_salads,7.74,24.9,81.5,0.0
raw_salads,5.9,15.3,35.7,0.01
fried_items,1.11,30.5,70.0,0.51
baked_goods,0.8,23.4,66.8,0.888
fried_items,7.51,31.0,82.1,0.0
rice_curry,2.93,22.8,40.4,0.0
baked_goods,8.89,23.2,78.0,0.0
rice_curry,7.62,16.7,57.0,0.0
rice_curry,6.98,28.6,55.7,0.0
fried_items,2.79,18.7,51.7,0.426
raw_salads,7.09,21.1,53.1,0.0
dairy_based,9.48,24.0,61.2,0.0
dairy_based,0.92,24.7,36.4,0.359
dry_snacks,3.26,13.8,55.5,0.681
dry_snacks,2.35,22.6,69.1,0.724
dry_snacks,3.93,28.8,59.9,0.277
dry_snacks,7.42,21.7,39.9,0.111
raw_salads,4.74,22.7,51.8,0.0
raw_salads,5.71,25.0,56.6,0.0
baked_goods,3.14,23.2,70.1,0.45
dry_snacks,1.41,17.8,84.0,0.812
dry_snacks,2.67,23.8,63.0,0.659
rice_curry,8.6,30.0,70.6,0.019
fried_items,6.02,17.7,34.6,0.066
dairy_based,3.78,21.8,87.3,0.0
dairy_based,7.9,15.7,48.9,0.048
rice_curry,0.64,29.6,51.3,0.626
baked_goods,2.54,23.4,43.4,0.566
rice_curry,2.3,18.9,35.1,0.247
dry_snacks,9.85,24.6,77.4,0.02
baked_goods,7.06,16.8,44.4,0.116
raw_salads,6.18,17.8,47.0,0.0
dry_snacks,0.05,15.2,40.9,0.976
dairy_based,1.84,17.6,88.5,0.0
baked_goods,6.36,32.1,76.9,0.0
baked_goods,3.8,19.6,85.8,0.478
raw_salads,9.24,26.8,81.7,0.0
dairy_based,7.65,19.0,84.4,0.0
dairy_based,4.47,28.6,58.7,0.0
baked_goods,7.5,17.8,40.2,0.087
dry_snacks,9.75,24.2,49.6,0.015
rice_curry,4.61,24.3,47.5,0.0
fried_items,6.43,38.0,73.0,0.0
baked_goods,9.19,27.8,31.5,0.0
dry_snacks,2.49,20.4,38.5,0.763
fried_items,8.87,28.1,71.0,0.0
dairy_based,0.98,36.8,37.4,0.008
fried_items,6.48,14.2,32.9,0.015
raw_salads,7.83,18.9,36.6,0.0
dry_snacks,6.15,22.6,71.4,0.17
raw_salads,4.96,21.5,38.4,0.029
dairy_based,6.17,22.0,38.8,0.021
baked_goods,1.52,16.2,43.8,0.794
dairy_based,2.16,32.4,75.1,0.0
rice_curry,2.7,15.5,42.0,0.138
baked_goods,5.98,22.8,32.1,0.078
baked_goods,4.42,30.3,84.4,0.0
dry_snacks,2.44,23.8,82.6,0.595
baked_goods,8.83,18.1,41.1,0.0
baked_goods,3.74,15.9,45.9,0.523
dairy_based,4.46,22.6,41.3,0.044
raw_salads,4.1,19.5,73.2,0.0
fried_items,1.82,25.2,45.0,0.428
dairy_based,7.32,15.6,85.9,0.0
dry_snacks,4.48,28.9,79.7,0.118
baked_goods,0.16,24.7,65.3,0.965
rice_curry,9.64,25.1,30.5,0.0
baked_goods,8.16,32.6,83.0,0.01
fried_items,7.24,21.4,73.7,0.0
dairy_based,8.69,19.6,77.3,0.057
dry_snacks,9.07,20.7,34.3,0.0
baked_goods,3.37,22.8,72.5,0.493
dry_snacks,6.11,23.5,78.3,0.201
dairy_based,6.09,19.0,87.4,0.0
raw_salads,2.67,11.9,64.8,0.0
raw_salads,2.22,20.6,60.5,0.028
raw_salads,1.14,26.2,55.5,0.236
raw_salads,6.59,24.8,72.1,0.0
fried_items,7.81,31.2,85.2,0.0
rice_curry,7.61,35.7,66.0,0.0
raw_salads,3.16,28.6,43.6,0.069
baked_goods,2.05,32.3,31.1,0.42
raw_salads,4.54,28.6,67.1,0.0
fried_items,5.47,34.3,81.9,0.0
dry_snacks,9.19,35.1,34.0,0.0
fried_items,8.75,29.7,53.9,0.0
dairy_based,9.16,28.2,86.4,0.0
raw_salads,8.5,22.8,60.1,0.0
dairy_based,9.65,23.8,43.2,0.024
rice_curry,4.65,22.0,51.2,0.007
dry_snacks,0.47,27.7,54.5,0.937
raw_salads,0.84,19.7,37.0,0.665
baked_goods,3.9,22.9,69.6,0.37
dry_snacks,2.58,9.9,65.5,0.73
dairy_based,1.7,34.3,68.9,0.021
dairy_based,9.53,22.7,66.6,0.003
dairy_based,1.95,26.7,31.0,0.0
raw_salads,9.59,32.7,40.5,0.0
dry_snacks,7.61,25.8,39.9,0.0
rice_curry,6.41,32.7,35.9,0.001
rice_curry,6.76,16.5,74.1,0.0
rice_curry,3.31,38.4,37.2,0.0
raw_salads,6.46,30.5,70.1,0.013
raw_salads,1.87,25.3,40.7,0.025
dry_snacks,9.38,32.6,37.1,0.054
fried_items,3.02,17.0,39.8,0.378
rice_curry,2.55,22.3,60.5,0.019
rice_curry,7.11,32.7,68.7,0.0
rice_curry,6.56,12.8,78.7,0.006
rice_curry,4.51,27.4,37.7,0.0
dairy_based,6.32,27.2,67.0,0.0
raw_salads,1.59,35.8,76.4,0.0
fried_items,6.73,14.5,48.7,0.0
baked_goods,2.71,33.7,34.8,0.177
dairy_based,2.73,20.6,39.4,0.0
dry_snacks,1.62,21.3,35.5,0.838
dry_snacks,3.32,16.7,83.2,0.616
rice_curry,3.31,17.5,52.6,0.0
rice_curry,4.54,26.4,61.4,0.0
raw_salads,1.9,17.3,76.1,0.247
raw_salads,1.93,28.4,52.3,0.025
raw_salads,5.42,20.0,68.9,0.0
fried_items,1.29,16.7,34.6,0.774
fried_items,6.89,20.8,58.9,0.0
fried_items,9.44,26.0,35.8,0.007
dairy_based,4.27,22.3,44.9,0.0
baked_goods,9.01,24.2,47.6,0.011
baked_goods,0.98,28.2,73.1,0.84
baked_goods,0.43,30.5,70.4,0.883
fried_items,7.21,22.1,74.8,0.0
dry_snacks,7.61,17.7,33.7,0.232
baked_goods,8.43,24.5,89.6,0.0
dairy_based,0.57,26.8,33.3,0.566
baked_goods,7.77,15.2,79.5,0.019
fried_items,3.77,18.7,74.4,0.201
raw_salads,3.03,19.7,65.5,0.0
dairy_based,1.73,22.8,56.3,0.0
raw_salads,9.96,19.4,75.4,0.013
raw_salads,0.64,28.2,74.4,0.487
rice_curry,8.27,14.4,38.2,0.033
dairy_based,6.39,14.5,77.6,0.0
fried_items,7.35,22.0,34.7,0.0
baked_goods,7.12,22.9,60.0,0.0
baked_goods,8.58,15.3,68.7,0.044
raw_salads,1.84,20.4,79.3,0.177
dairy_based,0.01,21.6,57.8,0.973
fried_items,5.99,21.6,44.2,0.029
dairy_based,3.54,24.9,59.4,0.006
raw_salads,1.24,20.0,45.0,0.48
rice_curry,1.86,32.9,61.7,0.027
fried_items,3.32,26.9,57.8,0.03
dry_snacks,0.7,19.2,76.8,0.923
raw_salads,0.57,24.6,44.4,0.65
dairy_based,9.16,24.7,42.0,0.0
dairy_based,3.12,31.3,58.5,0.009
fried_items,9.82,20.4,33.0,0.0
dairy_based,9.64,28.6,43.8,0.04
raw_salads,1.43,24.3,51.2,0.238
fried_items,7.15,32.9,59.3,0.0
fried_items,6.01,31.7,46.2,0.011
dry_snacks,6.91,25.2,63.6,0.032
dry_snacks,0.96,22.4,82.7,0.916
dairy_based,1.89,27.0,62.6,0.044
raw_salads,0.77,22.9,47.2,0.552
raw_salads,6.04,34.1,33.7,0.0
fried_items,9.87,24.5,38.2,0.015
fried_items,6.72,21.6,63.7,0.0
dairy_based,7.11,21.2,71.0,0.042
rice_curry,9.85,16.7,33.0,0.049
dry_snacks,6.78,27.3,41.1,0.0
dairy_based,0.4,19.1,49.1,0.794
rice_curry,8.67,30.6,49.2,0.0
rice_curry,3.65,16.2,87.5,0.0
rice_curry,0.04,24.8,42.2,0.972
dry_snacks,5.07,30.9,33.8,0.029
fried_items,9.37,11.1,51.2,0.0
raw_salads,2.57,36.1,38.1,0.0
baked_goods,4.92,21.4,37.6,0.248
dairy_based,1.74,24.8,54.4,0.0
dairy_based,0.58,27.4,48.4,0.478
rice_curry,0.81,28.4,35.5,0.513
dry_snacks,7.27,25.6,66.3,0.0
fried_items,8.64,30.0,60.1,0.0
fried_items,1.43,27.1,34.6,0.482
dry_snacks,2.88,34.6,81.8,0.237
dairy_based,1.95,27.1,47.1,0.0
rice_curry,0.27,35.8,87.7,0.724
rice_curry,5.53,29.4,85.9,0.0
baked_goods,7.0,13.2,56.0,0.095
fried_items,6.48,39.7,43.7,0.0
fried_items,3.88,20.6,80.1,0.144
baked_goods,5.55,33.0,51.7,0.024
raw_salads,0.94,24.2,39.8,0.462
baked_goods,1.54,30.4,63.1,0.636
fried_items,9.32,19.9,59.4,0.0
raw_salads,7.62,27.8,81.0,0.0
dairy_based,9.23,22.5,73.8,0.0
raw_salads,9.17,33.5,82.6,0.0
baked_goods,6.49,26.6,74.1,0.0
fried_items,9.28,29.6,68.5,0.043
raw_salads,4.17,11.0,60.0,0.0
fried_items,0.04,23.5,89.3,0.957
baked_goods,0.63,26.5,87.5,0.804
rice_curry,1.09,25.3,80.9,0.375
raw_salads,0.95,29.8,76.5,0.206
fried_items,3.52,21.8,64.7,0.152
baked_goods,7.01,24.3,45.6,0.0
dairy_based,7.91,31.1,82.5,0.0
raw_salads,5.9,10.3,30.6,0.0
dry_snacks,1.46,27.5,43.6,0.724
dry_snacks,7.48,22.0,54.2,0.118
fried_items,3.55,18.5,65.2,0.244
baked_goods,0.13,26.0,63.7,0.96
baked_goods,2.81,31.4,40.5,0.259
dairy_based,3.31,30.2,36.3,0.0
fried_items,2.74,23.2,43.3,0.287
fried_items,8.12,29.3,50.9,0.0
raw_salads,7.6,29.2,30.8,0.027
fried_items,6.96,23.5,71.5,0.0
dairy_based,1.39,19.8,44.9,0.307
raw_salads,8.08,20.2,51.1,0.034
dry_snacks,6.77,29.0,50.1,0.0
raw_salads,1.95,23.7,60.7,0.0
dry_snacks,6.48,17.7,81.6,0.371
rice_curry,4.84,13.9,39.0,0.055
baked_goods,4.39,29.0,50.4,0.0
baked_goods,1.12,20.7,71.5,0.835
raw_salads,5.18,26.0,32.7,0.031
baked_goods,1.0,31.4,79.8,0.71
fried_items,1.64,16.1,87.7,0.662
dairy_based,1.33,23.7,66.5,0.107
dry_snacks,9.54,23.0,87.4,0.0
dry_snacks,2.85,26.3,54.8,0.549
rice_curry,3.55,31.4,54.9,0.0
dry_snacks,3.22,16.0,36.4,0.641
fried_items,8.98,27.4,32.1,0.0
baked_goods,5.63,30.2,44.7,0.0
raw_salads,9.19,22.9,58.7,0.028
dairy_based,3.0,23.2,60.5,0.028
raw_salads,1.15,26.5,43.1,0.264
raw_salads,5.56,26.1,66.8,0.006
raw_salads,3.46,27.5,40.9,0.012
dairy_based,8.02,27.4,49.6,0.008
rice_curry,8.79,18.1,41.7,0.012
raw_salads,4.73,29.9,71.8,0.002
rice_curry,9.71,31.0,61.0,0.0
dairy_based,5.53,25.1,74.2,0.0
dry_snacks,2.71,15.0,33.4,0.698
baked_goods,4.89,23.3,55.5,0.22
fried_items,0.37,25.2,88.0,0.908
dry_snacks,8.04,17.1,33.2,0.131
rice_curry,1.01,21.8,55.1,0.647
fried_items,3.09,15.5,32.4,0.385
fried_items,5.65,27.6,38.8,0.03
baked_goods,0.43,25.0,57.8,0.935
rice_curry,0.79,14.1,39.5,0.779
raw_salads,6.96,26.1,61.1,0.005
dairy_based,0.72,23.7,85.4,0.443
baked_goods,4.77,27.1,42.0,0.0
rice_curry,3.39,21.7,36.4,0.015
dry_snacks,2.28,19.2,79.5,0.746
dry_snacks,1.89,19.4,57.6,0.831
dairy_based,7.63,20.8,83.0,0.0
raw_salads,9.52,24.1,48.4,0.0
dry_snacks,1.4,24.9,67.7,0.751
dairy_based,9.6,22.9,85.4,0.0
dry_snacks,5.95,21.5,40.3,0.325
raw_salads,6.42,21.9,78.0,0.0
baked_goods,7.1,39.0,67.9,0.0
baked_goods,7.04,19.4,78.8,0.041
baked_goods,8.2,20.7,40.2,0.0
fried_items,4.83,40.0,56.0,0.036
baked_goods,5.33,26.5,37.7,0.0
dry_snacks,3.24,15.7,87.6,0.67
raw_salads,1.05,29.1,33.8,0.283
baked_goods,6.65,18.5,33.9,0.213
baked_goods,0.34,29.5,83.9,0.898
dairy_based,2.76,22.7,48.0,0.026
baked_goods,0.94,21.4,65.8,0.819
dairy_based,1.91,33.7,47.2,0.0
dry_snacks,6.39,27.4,68.9,0.0
raw_salads,6.28,29.8,41.5,0.012
rice_curry,4.21,26.6,57.5,0.033
dry_snacks,0.9,21.3,62.0,0.879
fried_items,4.33,27.7,50.0,0.006
rice_curry,3.53,31.3,45.1,0.005
raw_salads,7.2,24.8,38.4,0.0
dairy_based,5.79,34.8,72.4,0.0
dry_snacks,4.92,29.1,40.1,0.035
raw_salads,4.87,25.3,47.5,0.008
fried_items,9.66,25.5,50.2,0.006
rice_curry,7.56,24.8,57.3,0.0
baked_goods,4.97,16.5,72.2,0.387
fried_items,4.79,23.5,55.7,0.031
dry_snacks,0.26,25.3,82.3,0.957
baked_goods,9.43,21.5,70.8,0.0
dairy_based,3.19,26.0,80.3,0.0
baked_goods,2.56,24.1,73.0,0.508
raw_salads,9.99,28.6,38.9,0.003
fried_items,7.19,28.0,88.7,0.0
baked_goods,0.47,25.0,77.2,0.932
rice_curry,0.62,15.8,64.4,0.813
rice_curry,0.26,34.7,39.9,0.824
dairy_based,6.0,23.1,40.4,0.032
raw_salads,0.72,23.5,66.9,0.598
fried_items,9.33,21.9,55.0,0.0
dairy_based,9.37,21.1,70.6,0.042
baked_goods,5.46,33.3,52.3,0.0
raw_salads,6.17,32.3,60.8,0.0
raw_salads,2.92,26.7,41.3,0.03
rice_curry,0.64,23.4,39.3,0.72
baked_goods,7.37,27.7,34.5,0.045
fried_items,1.02,24.4,79.2,0.694
dairy_based,0.86,22.9,63.3,0.446
dairy_based,3.11,26.0,86.8,0.019
dry_snacks,0.12,21.4,75.0,0.925
rice_curry,4.34,25.5,76.1,0.0
fried_items,7.08,25.2,60.5,0.0
raw_salads,8.01,27.6,78.9,0.0
raw_salads,6.04,20.3,86.5,0.0
rice_curry,8.47,28.3,73.3,0.0
baked_goods,4.07,18.6,36.3,0.519
dry_snacks,8.49,20.6,69.1,0.106
baked_goods,5.06,20.8,37.2,0.333
dairy_based,2.23,17.6,34.6,0.0
dairy_based,9.44,30.1,71.6,0.0
baked_goods,2.75,18.2,80.1,0.639
dairy_based,0.26,19.8,39.5,0.897
baked_goods,2.43,31.5,34.4,0.345
fried_items,3.67,20.6,83.2,0.18
raw_salads,3.51,22.9,37.9,0.0
fried_items,5.25,17.9,32.1,0.006
rice_curry,8.83,29.0,73.3,0.0
baked_goods,2.92,29.1,80.9,0.28
dairy_based,5.21,28.4,60.9,0.0
fried_items,3.4,27.2,62.4,0.0
dry_snacks,8.22,24.4,50.2,0.009
dry_snacks,1.58,20.9,44.3,0.846
fried_items,1.04,19.1,75.3,0.837
rice_curry,5.03,31.7,81.0,0.002
raw_salads,6.72,28.6,49.3,0.048
raw_salads,7.96,19.8,46.4,0.0
baked_goods,5.9,24.2,46.1,0.0
baked_goods,7.74,22.2,33.0,0.0
fried_items,3.93,17.2,46.9,0.24
dry_snacks,0.33,25.1,31.5,0.972
dairy_based,1.16,21.5,77.3,0.351
dairy_based,0.39,18.3,45.4,0.73
raw_salads,3.29,15.1,71.4,0.026
rice_curry,4.95,14.6,62.6,0.007
dairy_based,3.56,21.8,80.2,0.0
dairy_based,5.61,23.5,87.6,0.0
dry_snacks,4.81,18.7,52.0,0.524
dry_snacks,6.78,27.9,35.3,0.011
dairy_based,6.67,23.6,75.0,0.015
dry_snacks,3.18,27.5,31.3,0.458
dry_snacks,3.46,22.9,43.4,0.509
dairy_based,5.85,19.3,33.2,0.0
rice_curry,5.96,24.7,83.9,0.0
fried_items,3.15,16.4,30.3,0.39
dry_snacks,3.3,27.2,59.6,0.473
rice_curry,6.94,18.4,55.4,0.0
dairy_based,6.47,29.5,69.2,0.0
raw_salads,1.35,22.0,47.4,0.327
fried_items,4.41,30.4,82.4,0.0
raw_salads,8.93,17.3,74.1,0.0
dairy_based,0.36,19.9,55.9,0.805
dairy_based,8.55,26.3,51.5,0.02
dairy_based,1.63,31.0,79.0,0.013
raw_salads,5.07,34.0,75.4,0.018
raw_salads,4.24,24.2,53.9,0.0
raw_salads,0.1,35.0,50.5,0.94
baked_goods,9.15,22.3,32.3,0.044
fried_items,4.55,30.6,34.9,0.047
fried_items,9.54,18.3,33.2,0.0
raw_salads,2.87,26.5,31.5,0.0
rice_curry,8.66,9.9,39.2,0.0
dairy_based,9.22,17.3,81.4,0.0
raw_salads,5.57,26.8,77.9,0.0
dairy_based,2.03,16.1,80.7,0.005
rice_curry,6.85,26.6,67.4,0.032
fried_items,5.49,29.4,67.4,0.0
rice_curry,9.45,21.0,37.4,0.0
raw_salads,4.39,18.2,71.9,0.0
raw_salads,2.69,21.2,46.8,0.0
rice_curry,1.38,18.2,61.2,0.56
fried_items,6.99,23.4,87.3,0.0
raw_salads,9.74,24.6,82.2,0.0
baked_goods,0.28,22.2,44.0,0.968
rice_curry,7.4,34.0,74.2,0.004
fried_items,9.27,19.7,36.2,0.018
fried_items,0.75,32.3,31.6,0.641
fried_items,1.1,17.8,31.7,0.807
dry_snacks,6.92,24.4,40.2,0.009
rice_curry,6.48,31.1,71.7,0.0
raw_salads,0.69,30.8,51.8,0.435
rice_curry,8.34,21.5,31.0,0.01
rice_curry,5.23,27.3,89.3,0.003
rice_curry,9.07,26.5,62.0,0.0
rice_curry,8.78,20.8,53.6,0.04
dry_snacks,8.13,27.7,61.1,0.0
dairy_based,5.16,35.2,61.2,0.0
raw_salads,2.52,26.8,58.2,0.0
dry_snacks,5.06,27.4,66.8,0.083
rice_curry,1.01,28.0,83.1,0.319
dry_snacks,6.59,15.2,48.1,0.361
fried_items,1.34,26.8,59.2,0.61
rice_curry,5.11,17.9,30.2,0.0
baked_goods,0.54,20.5,81.6,0.879
fried_items,3.0,37.0,48.4,0.023
baked_goods,2.32,22.5,46.3,0.637
fried_items,6.2,19.6,89.9,0.0
dairy_based,7.87,30.9,65.1,0.0
raw_salads,0.57,18.3,37.4,0.753
dairy_based,8.5,21.3,45.9,0.0
raw_salads,8.61,31.5,51.2,0.0
raw_salads,3.42,24.3,89.2,0.0
fried_items,6.59,14.6,55.8,0.028
baked_goods,4.03,27.3,43.8,0.167
rice_curry,1.54,21.6,64.2,0.441
baked_goods,5.29,33.2,54.3,0.013
baked_goods,0.86,20.4,33.3,0.82
raw_salads,8.78,30.3,81.7,0.0
rice_curry,9.24,34.7,30.9,0.04
baked_goods,8.22,18.9,83.9,0.025
dairy_based,5.63,22.8,77.5,0.023
rice_curry,5.58,26.3,34.5,0.0
rice_curry,9.85,18.9,73.4,0.0
fried_items,2.48,25.6,76.3,0.208
rice_curry,0.76,22.7,66.1,0.674
dry_snacks,5.62,22.5,64.7,0.338
dairy_based,3.29,24.3,33.0,0.007
fried_items,3.22,24.4,33.6,0.07
rice_curry,0.07,25.0,73.6,0.953
raw_salads,5.96,20.4,36.3,0.012
baked_goods,2.64,20.7,44.5,0.667
fried_items,1.88,23.3,59.9,0.479
raw_salads,0.4,23.7,39.8,0.746
dairy_based,3.64,21.4,77.4,0.024
dry_snacks,8.79,25.9,78.4,0.0
dry_snacks,3.37,13.1,80.5,0.692
raw_salads,6.79,19.6,33.0,0.0
raw_salads,7.57,22.3,55.7,0.0
baked_goods,3.28,18.9,80.8,0.598
dry_snacks,8.22,33.8,51.8,0.0
rice_curry,6.92,24.1,71.7,0.0
dry_snacks,5.59,25.1,65.4,0.165
dry_snacks,0.01,21.1,50.8,1.0
rice_curry,0.35,23.9,46.6,0.831
fried_items,9.91,16.7,69.2,0.0
dry_snacks,7.82,23.0,38.0,0.0
raw_salads,9.38,18.4,81.6,0.0
dairy_based,9.02,22.3,64.6,0.068
rice_curry,0.2,8.6,36.7,0.925
fried_items,7.92,17.2,72.2,0.0
baked_goods,4.51,32.8,55.9,0.0
rice_curry,7.9,29.0,42.2,0.053
dry_snacks,0.07,31.9,87.7,0.908
dry_snacks,2.88,32.3,73.2,0.354
raw_salads,7.51,28.0,65.6,0.0
dry_snacks,7.93,21.3,80.9,0.042
fried_items,6.2,17.8,62.6,0.0
dairy_based,3.01,30.9,56.5,0.01
baked_goods,3.1,24.4,41.4,0.416
dry_snacks,9.67,39.0,39.2,0.008
raw_salads,4.39,21.8,55.9,0.052
baked_goods,4.47,35.8,57.4,0.005
dairy_based,5.52,23.1,74.0,0.0
rice_curry,4.1,32.0,56.5,0.0
raw_salads,5.53,34.2,65.6,0.0
rice_curry,4.32,17.9,80.0,0.0
dairy_based,8.27,21.1,89.6,0.0
dairy_based,9.09,17.8,49.4,0.009
rice_curry,9.32,16.6,84.1,0.028
dairy_based,5.64,28.0,78.4,0.0
dry_snacks,4.42,22.8,34.1,0.399
dry_snacks,7.05,24.3,50.0,0.035
rice_curry,8.38,27.3,43.1,0.038
dry_snacks,5.63,12.9,69.9,0.434
dairy_based,7.0,31.7,63.3,0.0
raw_salads,7.5,21.9,59.7,0.019
dry_snacks,6.76,27.2,75.8,0.0
dry_snacks,7.46,27.7,50.0,0.0
dry_snacks,2.09,32.2,53.0,0.553
fried_items,4.98,23.4,81.9,0.005
rice_curry,5.88,11.3,88.3,0.015
dairy_based,0.02,24.3,76.6,0.944
dry_snacks,8.56,25.2,43.0,0.007
rice_curry,6.1,17.8,36.8,0.007
dairy_based,1.29,24.9,42.6,0.041
dairy_based,8.16,21.8,55.4,0.003
fried_items,7.17,15.9,44.2,0.001
baked_goods,7.58,28.0,84.1,0.0
dairy_based,3.92,20.6,70.2,0.012
raw_salads,8.54,21.6,55.0,0.037
fried_items,4.14,21.2,46.4,0.048
rice_curry,5.71,31.4,52.8,0.0
rice_curry,0.01,23.8,58.6,0.984
rice_curry,6.45,24.5,72.8,0.0
fried_items,7.18,21.4,35.4,0.0
rice_curry,5.67,26.8,80.9,0.0
raw_salads,4.97,32.1,37.7,0.014
dairy_based,8.1,27.9,45.7,0.0
raw_salads,6.81,28.1,89.6,0.0
baked_goods,2.78,27.6,41.4,0.399
dairy_based,9.59,15.7,36.1,0.042
rice_curry,7.07,18.7,68.3,0.0
baked_goods,9.88,22.8,53.6,0.0
rice_curry,9.71,19.6,35.5,0.0
rice_curry,9.19,17.6,30.2,0.057
raw_salads,7.55,12.8,34.7,0.0
dairy_based,6.09,15.9,61.4,0.018
dry_snacks,1.72,22.5,43.9,0.82
dairy_based,5.43,23.6,76.7,0.0
dairy_based,7.65,19.2,81.5,0.0
raw_salads,5.21,24.5,38.7,0.018
baked_goods,8.68,21.4,50.2,0.0
rice_curry,1.1,30.5,38.8,0.23
dry_snacks,3.81,23.0,47.2,0.486
fried_items,5.06,28.2,44.4,0.0
dry_snacks,4.32,25.2,77.2,0.316
rice_curry,1.09,15.6,50.7,0.623
dry_snacks,1.54,23.5,59.7,0.783
dry_snacks,8.38,16.6,70.4,0.188
raw_salads,4.84,23.4,79.3,0.0
dry_snacks,0.49,19.5,48.1,0.899
dry_snacks,0.16,26.3,42.6,1.0
raw_salads,4.73,15.9,88.7,0.0
rice_curry,1.64,24.1,49.2,0.216
baked_goods,7.05,27.4,70.3,0.0
dry_snacks,7.95,29.4,70.7,0.0
dry_snacks,2.28,19.4,60.8,0.755
dry_snacks,5.92,24.1,43.7,0.18
baked_goods,1.54,25.1,38.5,0.68
fried_items,3.04,33.3,59.2,0.0
dairy_based,8.89,15.1,60.7,0.0
rice_curry,5.44,18.5,76.4,0.019
dry_snacks,8.86,40.0,72.6,0.0
fried_items,2.25,22.4,84.7,0.439
rice_curry,3.3,12.7,88.3,0.0
fried_items,4.71,20.5,73.7,0.013
baked_goods,4.8,7.4,34.6,0.76
raw_salads,9.98,25.4,54.3,0.012
dairy_based,1.14,28.9,66.5,0.0
dry_snacks,8.52,18.5,65.4,0.107
rice_curry,8.64,21.2,40.9,0.0
raw_salads,5.53,29.5,65.0,0.0
fried_items,3.44,13.5,51.0,0.355
fried_items,5.19,16.1,50.3,0.011
dairy_based,2.92,22.6,80.0,0.0
dry_snacks,7.99,19.5,55.3,0.193
raw_salads,4.98,22.2,61.6,0.002
baked_goods,9.26,16.4,63.8,0.0
raw_salads,6.23,25.3,63.8,0.004
raw_salads,5.14,23.1,42.8,0.002
rice_curry,7.11,27.3,66.0,0.0
rice_curry,5.04,25.2,50.1,0.0
rice_curry,9.05,25.2,69.3,0.0
raw_salads,1.84,15.3,38.7,0.279
fried_items,9.73,27.0,89.6,0.0
dairy_based,8.12,22.0,76.3,0.021
raw_salads,8.61,23.0,55.0,0.0
fried_items,4.83,30.3,48.1,0.041
raw_salads,8.37,19.7,53.3,0.035
raw_salads,3.07,32.1,73.3,0.018
dry_snacks,7.62,32.7,69.3,0.0
dairy_based,1.4,28.5,72.1,0.0
baked_goods,3.07,18.1,83.3,0.63
baked_goods,4.46,10.9,57.4,0.451
dry_snacks,3.22,30.5,70.2,0.347
rice_curry,3.87,24.7,56.5,0.0
fried_items,8.2,19.5,68.3,0.049
baked_goods,2.57,31.0,58.5,0.301
dry_snacks,7.45,18.8,76.6,0.178
fried_items,0.74,21.5,30.3,0.821
rice_curry,7.66,27.1,42.9,0.0
rice_curry,7.92,17.3,47.8,0.0
fried_items,4.02,23.3,86.7,0.05
dairy_based,7.22,30.5,60.4,0.0
fried_items,9.15,25.3,51.9,0.0
rice_curry,8.01,31.5,54.3,0.001
baked_goods,3.9,30.8,57.1,0.0
dry_snacks,4.84,24.0,82.1,0.324
raw_salads,7.79,10.0,87.7,0.0
dry_snacks,2.93,17.4,80.6,0.695
baked_goods,8.04,28.6,80.5,0.0
dairy_based,3.28,14.7,41.9,0.078
dairy_based,8.06,22.0,46.1,0.015
dry_snacks,0.87,26.0,65.8,0.851
baked_goods,0.44,32.8,69.4,0.855
dry_snacks,9.98,20.5,42.2,0.0
fried_items,8.69,20.1,74.8,0.0
baked_goods,8.83,23.7,42.0,0.0
raw_salads,9.51,26.1,45.8,0.05
baked_goods,4.38,23.1,48.4,0.267
rice_curry,2.87,30.3,80.8,0.0
baked_goods,1.3,19.2,73.9,0.789
baked_goods,5.01,24.7,61.8,0.104
rice_curry,2.2,26.7,79.2,0.0
dry_snacks,9.36,21.6,78.8,0.0
raw_salads,0.04,29.0,53.4,1.0
dry_snacks,1.43,24.9,76.9,0.747
fried_items,2.46,28.7,42.4,0.096
rice_curry,1.99,25.2,60.2,0.0
dry_snacks,2.26,26.3,37.1,0.65
baked_goods,6.56,20.2,55.6,0.151
dry_snacks,3.28,20.2,61.2,0.657
baked_goods,6.15,31.3,34.8,0.025
baked_goods,8.9,27.8,57.8,0.022
dry_snacks,6.03,17.9,69.1,0.383
rice_curry,6.95,25.1,66.8,0.0
baked_goods,3.66,9.8,33.3,0.591
fried_items,1.6,20.6,35.7,0.68
dry_snacks,3.21,29.8,51.1,0.355
raw_salads,9.64,23.2,80.6,0.0
rice_curry,6.22,24.7,82.2,0.009
dry_snacks,2.78,5.9,48.6,0.892
raw_salads,4.51,21.6,73.1,0.0
dry_snacks,8.36,26.0,64.6,0.0
fried_items,6.68,26.8,89.0,0.0
raw_salads,5.61,29.8,35.7,0.0
fried_items,8.85,22.7,62.9,0.033
fried_items,6.72,23.0,65.6,0.032
dairy_based,6.43,16.0,48.5,0.016
dry_snacks,1.9,22.8,32.8,0.799
fried_items,1.06,16.4,33.1,0.787
raw_salads,9.65,12.9,57.2,0.021
dry_snacks,5.99,17.5,71.5,0.42
raw_salads,4.16,33.1,72.0,0.019
dairy_based,5.89,22.4,40.9,0.027
fried_items,0.62,25.3,81.5,0.808
dry_snacks,8.22,20.9,52.6,0.161
fried_items,2.17,13.3,87.9,0.523
rice_curry,8.05,29.6,37.1,0.0
rice_curry,5.34,11.0,80.2,0.0
baked_goods,2.77,20.7,84.5,0.596
dry_snacks,0.3,23.7,79.4,0.88
dairy_based,8.16,25.4,78.5,0.023
fried_items,1.76,19.6,51.7,0.616
dry_snacks,0.52,13.0,72.8,0.94
rice_curry,7.56,19.2,64.8,0.0
dairy_based,3.5,19.5,55.5,0.019
fried_items,3.89,19.4,89.6,0.168
raw_salads,2.47,29.8,47.4,0.0
raw_salads,8.59,16.7,54.8,0.006
rice_curry,2.97,25.8,84.2,0.0
dry_snacks,2.1,24.9,47.3,0.669
dry_snacks,3.09,29.8,39.2,0.394
fried_items,2.03,23.2,48.6,0.488
dry_snacks,3.18,28.7,75.6,0.364
rice_curry,0.83,23.0,81.6,0.59
raw_salads,1.59,26.6,36.9,0.001
raw_salads,4.17,15.0,67.3,0.009
raw_salads,8.79,8.2,64.0,0.04
rice_curry,0.57,26.3,70.1,0.647
fried_items,2.13,26.6,70.3,0.275
fried_items,9.08,26.9,87.6,0.008
rice_curry,8.9,20.9,50.8,0.059
fried_items,6.79,32.9,48.0,0.0
fried_items,2.4,21.2,64.9,0.432
dairy_based,4.2,26.5,55.8,0.011
baked_goods,2.11,27.6,58.4,0.519
baked_goods,1.29,34.3,34.2,0.586
fried_items,3.8,22.1,38.9,0.088
baked_goods,5.76,20.1,86.1,0.295
baked_goods,3.6,15.0,34.1,0.511
fried_items,6.11,33.3,65.4,0.04
rice_curry,2.96,26.5,75.3,0.0
baked_goods,3.46,26.7,30.7,0.288
baked_goods,7.91,40.0,43.4,0.048
raw_salads,8.78,26.0,52.6,0.01
dry_snacks,3.22,16.2,60.4,0.669
dairy_based,5.72,22.8,50.5,0.022
raw_salads,2.78,18.2,68.9,0.0
fried_items,0.53,21.6,43.6,0.892
raw_salads,7.38,21.6,31.5,0.0
dry_snacks,1.71,20.5,30.1,0.847
dry_snacks,4.26,15.6,50.7,0.532
baked_goods,4.87,33.6,51.7,0.0
dairy_based,1.84,25.8,86.9,0.0
fried_items,0.95,22.6,32.7,0.759
dairy_based,3.48,28.5,61.8,0.0
dairy_based,9.52,26.8,64.7,0.0
raw_salads,6.15,25.7,72.0,0.0
dry_snacks,3.81,28.1,68.3,0.345
baked_goods,0.39,24.8,30.5,0.898
raw_salads,6.0,28.0,67.9,0.0
fried_items,0.92,28.5,49.3,0.666
dairy_based,5.43,25.0,76.4,0.034
dry_snacks,7.52,22.7,41.3,0.043
baked_goods,4.24,33.2,73.0,0.0
dairy_based,2.99,21.1,67.5,0.031
dry_snacks,0.47,26.3,69.1,0.94
dairy_based,0.25,26.5,40.6,0.809
raw_salads,4.3,20.3,70.2,0.0
rice_curry,8.83,19.2,74.2,0.0
rice_curry,2.44,21.9,59.4,0.0
baked_goods,5.74,21.0,50.4,0.189
rice_curry,6.84,15.3,40.0,0.043
raw_salads,0.61,20.1,47.4,0.794
raw_salads,1.53,25.6,75.8,0.042
raw_salads,3.31,31.6,54.6,0.0
raw_salads,6.7,27.3,72.2,0.0
rice_curry,4.39,8.4,74.4,0.0
rice_curry,7.34,27.8,70.5,0.0
dairy_based,8.68,20.7,70.4,0.0
dairy_based,7.58,26.7,66.6,0.0
raw_salads,9.92,23.9,61.1,0.052
baked_goods,7.54,22.8,41.9,0.012
fried_items,8.52,23.4,80.6,0.0
raw_salads,8.32,23.9,87.9,0.0
fried_items,7.3,32.1,58.0,0.0
dairy_based,8.02,23.9,86.0,0.0
dairy_based,9.35,30.5,89.9,0.0
fried_items,4.75,29.6,59.2,0.002
dry_snacks,6.38,28.0,73.5,0.0
baked_goods,5.15,13.3,68.6,0.319
fried_items,8.51,30.7,44.2,0.004
baked_goods,4.31,21.3,32.8,0.437
fried_items,8.2,28.3,57.2,0.059
baked_goods,7.99,18.2,77.2,0.007
raw_salads,9.62,16.9,49.5,0.0
fried_items,2.49,35.9,77.1,0.005
dairy_based,7.1,18.3,69.3,0.031
dry_snacks,7.57,30.9,71.7,0.0
baked_goods,9.36,24.7,47.1,0.044
raw_salads,9.07,21.5,58.2,0.0
baked_goods,5.74,23.7,40.9,0.0
raw_salads,5.79,16.2,44.8,0.0
raw_salads,1.67,23.9,35.4,0.078
baked_goods,9.75,17.5,37.6,0.0
fried_items,2.55,21.6,42.6,0.398
dry_snacks,7.25,29.6,64.8,0.011
dry_snacks,7.96,25.5,56.5,0.007
rice_curry,4.41,15.1,46.0,0.011
dairy_based,2.11,29.1,81.7,0.0
baked_goods,1.89,24.0,61.5,0.69
dairy_based,8.56,20.7,85.4,0.006
dry_snacks,5.11,28.5,68.1,0.078
rice_curry,0.9,23.0,30.9,0.622
raw_salads,7.17,17.0,84.8,0.003
raw_salads,2.5,35.1,81.4,0.005
dairy_based,8.76,23.9,68.1,0.072
baked_goods,3.1,23.5,62.1,0.512
baked_goods,2.0,21.6,57.2,0.708
raw_salads,0.85,31.1,58.9,0.257
raw_salads,5.12,20.9,76.2,0.0
fried_items,4.51,14.7,60.8,0.088
dairy_based,7.51,19.9,40.6,0.015
fried_items,4.65,32.0,33.5,0.0
rice_curry,3.44,29.0,37.6,0.036
dairy_based,2.62,22.5,45.1,0.0
fried_items,2.78,32.2,52.1,0.0
fried_items,9.28,28.5,83.5,0.0
fried_items,1.65,22.4,44.3,0.565
dairy_based,9.88,23.0,49.2,0.0
dairy_based,3.27,26.0,43.4,0.0
dry_snacks,0.88,19.0,62.7,0.886
fried_items,2.49,24.0,67.0,0.296
fried_items,0.58,25.9,61.9,0.794
raw_salads,7.9,13.9,87.1,0.0
fried_items,5.13,22.9,89.7,0.0
dairy_based,3.37,22.2,80.2,0.01
dry_snacks,6.62,30.2,78.3,0.026
rice_curry,6.31,12.9,52.0,0.004
dairy_based,9.4,21.7,64.8,0.002
dairy_based,9.61,21.1,51.1,0.0
dairy_based,6.81,29.8,77.1,0.0
dairy_based,8.18,23.7,40.3,0.012
baked_goods,7.92,34.8,43.0,0.04
dry_snacks,4.91,28.0,32.3,0.06
rice_curry,7.04,21.5,66.5,0.0
dry_snacks,0.78,25.4,71.3,0.878
rice_curry,7.58,21.9,30.2,0.0
baked_goods,9.62,29.2,60.6,0.0
dry_snacks,0.85,16.0,52.6,0.876
dairy_based,8.36,19.1,77.5,0.007
dry_snacks,9.33,26.7,32.3,0.0
raw_salads,2.26,31.4,32.9,0.0
baked_goods,5.25,10.8,67.2,0.362
rice_curry,9.28,32.2,65.5,0.008
rice_curry,9.6,23.2,79.9,0.0
dry_snacks,1.28,12.7,65.5,0.839
dairy_based,3.49,6.0,87.0,0.272
baked_goods,6.98,14.8,48.9,0.164
fried_items,2.22,23.9,53.9,0.336
raw_salads,3.25,23.6,88.7,0.0
dairy_based,0.23,27.8,36.5,0.774
rice_curry,1.54,20.7,77.8,0.434
dairy_based,5.62,17.4,30.7,0.0
rice_curry,6.53,21.5,59.2,0.019
raw_salads,6.49,24.2,39.2,0.033
rice_curry,7.78,25.4,65.9,0.002
dairy_based,4.15,19.3,77.9,0.0
fried_items,2.73,29.4,32.0,0.008
dry_snacks,0.16,20.3,39.8,0.984
dairy_based,2.07,18.8,50.6,0.0
dairy_based,3.12,20.7,45.3,0.0
rice_curry,1.78,30.4,53.0,0.0
dry_snacks,0.2,23.2,87.1,0.942
dry_snacks,1.57,19.8,36.1,0.85
dry_snacks,6.66,29.6,55.4,0.0
dairy_based,6.3,36.9,57.4,0.002
dry_snacks,9.36,25.3,46.8,0.0
raw_salads,7.98,31.4,46.7,0.0
rice_curry,5.68,30.2,72.9,0.0
fried_items,1.38,20.4,67.1,0.674
baked_goods,5.64,24.2,78.8,0.001
dairy_based,0.62,16.3,54.3,0.687
raw_salads,4.31,22.8,66.4,0.018
dry_snacks,3.9,20.2,83.6,0.563
rice_curry,4.28,21.6,81.1,0.0
rice_curry,2.8,19.5,85.2,0.098
dry_snacks,6.86,22.3,46.1,0.109
rice_curry,8.41,27.2,89.1,0.009
rice_curry,7.69,23.3,79.0,0.031
baked_goods,6.28,12.8,77.7,0.221
rice_curry,5.38,19.5,70.1,0.0
raw_salads,0.31,14.9,89.0,0.889
baked_goods,7.23,25.5,56.5,0.0
raw_salads,5.45,27.0,74.5,0.0
dry_snacks,2.71,25.5,71.9,0.556
raw_salads,3.28,19.3,73.9,0.0
fried_items,9.36,25.5,75.1,0.0
raw_salads,6.24,21.2,41.4,0.033
dairy_based,4.76,17.2,50.9,0.0
raw_salads,6.21,28.5,53.5,0.0
fried_items,4.14,28.9,74.9,0.0
dry_snacks,4.7,29.7,73.0,0.062
dairy_based,2.9,20.3,80.0,0.0
dry_snacks,4.4,31.1,77.3,0.02
raw_salads,6.86,21.0,65.8,0.0
rice_curry,0.4,27.9,38.4,0.793
rice_curry,7.95,20.9,68.1,0.005
fried_items,2.83,22.7,83.2,0.276
dairy_based,6.83,9.5,68.6,0.0
dry_snacks,6.43,22.2,83.7,0.183
baked_goods,6.53,24.5,89.9,0.0
raw_salads,6.08,21.5,51.6,0.0
baked_goods,9.59,34.5,73.4,0.012
fried_items,5.08,17.0,62.4,0.035
dairy_based,7.32,20.6,57.3,0.0
fried_items,7.05,18.6,44.4,0.0
fried_items,2.36,20.6,44.8,0.482
dry_snacks,2.83,30.2,41.1,0.384
dry_snacks,4.24,32.9,67.9,0.008
rice_curry,2.78,19.8,38.5,0.113
dairy_based,3.67,19.7,55.9,0.0
dry_snacks,3.91,17.1,61.4,0.647
dry_snacks,6.04,31.8,56.3,0.0
raw_salads,2.2,30.7,81.3,0.042
dairy_based,8.04,23.4,56.6,0.0
fried_items,4.38,15.6,35.0,0.121
fried_items,7.06,16.2,89.5,0.0
baked_goods,0.81,25.0,80.7,0.806
baked_goods,4.7,27.3,69.6,0.031
rice_curry,0.28,11.6,75.4,0.905
raw_salads,6.76,22.1,37.7,0.031
dairy_based,3.44,33.7,76.0,0.0
raw_salads,9.49,22.7,42.5,0.02
dairy_based,3.24,32.9,59.3,0.0
dry_snacks,5.64,27.9,40.7,0.0
baked_goods,2.57,17.5,75.2,0.67
dry_snacks,6.2,22.2,44.8,0.248
baked_goods,4.67,23.2,45.2,0.229
dry_snacks,3.71,18.3,36.6,0.651
rice_curry,2.04,18.2,73.2,0.334
fried_items,1.12,33.0,47.8,0.53
raw_salads,1.2,18.1,61.1,0.484
dairy_based,9.99,30.5,49.9,0.045
dry_snacks,4.12,21.4,76.5,0.571
rice_curry,0.02,23.8,43.6,0.98
raw_salads,9.53,27.4,86.5,0.0
baked_goods,0.2,20.4,49.3,0.932
dry_snacks,4.19,27.4,36.2,0.257
dairy_based,7.17,11.7,44.4,0.06
rice_curry,9.15,26.6,34.4,0.001
rice_curry,7.13,9.2,58.1,0.0
raw_salads,4.64,22.6,45.0,0.0
fried_items,9.74,29.1,83.2,0.0
rice_curry,0.39,27.7,61.0,0.793
fried_items,9.87,16.2,44.0,0.0
dairy_based,8.49,17.0,57.1,0.063
dry_snacks,9.29,19.9,41.8,0.09
dairy_based,2.55,25.1,40.7,0.025
rice_curry,1.42,11.8,48.0,0.518
rice_curry,6.63,23.9,36.5,0.0
raw_salads,5.16,25.9,41.3,0.0
baked_goods,5.23,22.3,86.3,0.128
dry_snacks,9.25,27.2,70.0,0.017
raw_salads,6.2,25.3,85.3,0.0
fried_items,3.11,20.8,45.4,0.36
raw_salads,4.0,12.4,81.4,0.0
baked_goods,1.33,24.8,51.7,0.744
dairy_based,1.92,18.3,38.7,0.003
fried_items,1.43,20.5,78.3,0.689
fried_items,8.1,26.9,33.6,0.0
baked_goods,7.05,32.5,54.3,0.027
rice_curry,5.3,23.8,79.2,0.0
rice_curry,3.74,27.3,67.0,0.011
rice_curry,6.68,15.3,61.1,0.048
rice_curry,8.13,25.5,51.2,0.008
dry_snacks,8.81,23.6,34.5,0.024
dry_snacks,5.47,31.4,89.5,0.0
raw_salads,8.2,20.8,40.5,0.057
dry_snacks,5.11,22.6,45.3,0.369
raw_salads,4.75,30.4,44.2,0.021
dry_snacks,8.65,23.4,84.5,0.0
baked_goods,3.86,17.3,75.8,0.478
rice_curry,3.96,39.3,57.4,0.0
fried_items,3.05,17.5,87.3,0.401
rice_curry,5.19,23.6,33.2,0.0
dairy_based,5.45,26.1,83.6,0.0
dairy_based,6.6,25.6,33.6,0.012
fried_items,4.31,22.9,53.5,0.028
dairy_based,2.18,22.9,33.2,0.0
fried_items,8.67,22.6,89.9,0.0
baked_goods,3.46,17.3,84.9,0.554
dairy_based,9.23,36.9,65.1,0.0
dairy_based,2.07,22.7,43.1,0.0
dry_snacks,5.6,27.6,46.6,0.073
dairy_based,5.37,22.0,57.0,0.0
dry_snacks,8.29,21.9,49.4,0.0
rice_curry,1.39,21.3,31.3,0.471
raw_salads,9.1,14.7,69.4,0.028
dry_snacks,5.31,23.0,66.8,0.235
dairy_based,5.86,21.6,84.3,0.011
raw_salads,5.1,31.0,58.6,0.0
raw_salads,0.36,16.8,50.7,0.864
dry_snacks,4.97,20.5,60.7,0.455
dry_snacks,2.64,18.6,41.7,0.796
dairy_based,3.43,32.7,67.5,0.0
fried_items,6.49,18.8,76.2,0.0
raw_salads,4.98,27.4,39.2,0.0
rice_curry,0.93,29.8,49.1,0.387
dry_snacks,0.73,23.1,82.1,0.887
rice_curry,1.86,15.7,60.3,0.394
raw_salads,1.91,15.8,61.9,0.235
dry_snacks,6.08,29.2,73.3,0.0
dairy_based,1.78,16.4,64.7,0.096
dry_snacks,8.82,26.4,34.2,0.018
dry_snacks,2.1,24.7,78.2,0.654
raw_salads,0.91,26.3,85.4,0.402
dry_snacks,8.76,26.8,33.2,0.001
rice_curry,2.95,18.4,37.3,0.009
raw_salads,4.25,18.1,72.1,0.024
fried_items,9.59,28.3,66.3,0.0
dry_snacks,9.44,20.2,53.0,0.014
dairy_based,7.15,7.5,62.4,0.035
raw_salads,0.69,27.9,72.2,0.549
dairy_based,5.93,17.8,60.3,0.068
fried_items,9.89,26.8,38.4,0.002
fried_items,9.47,32.4,35.4,0.014
fried_items,1.06,24.1,56.3,0.726
rice_curry,3.96,30.0,85.4,0.013
raw_salads,3.16,24.9,63.5,0.006
raw_salads,1.3,33.5,51.5,0.028
dry_snacks,6.95,17.6,84.5,0.294
baked_goods,2.74,24.0,53.3,0.538
baked_goods,3.45,28.0,60.5,0.194
baked_goods,0.9,22.9,37.0,0.845
dairy_based,4.98,30.9,74.2,0.0
dairy_based,1.58,21.4,72.0,0.05
raw_salads,4.32,36.4,77.7,0.0
dry_snacks,1.43,36.7,49.5,0.604
baked_goods,9.54,25.7,56.2,0.0
raw_salads,1.45,27.3,40.1,0.003
baked_goods,5.22,31.2,87.9,0.0
dairy_based,1.97,16.9,35.2,0.021
fried_items,0.76,16.1,68.9,0.831
dry_snacks,2.02,31.5,72.3,0.524
raw_salads,0.55,25.6,39.5,0.684
dairy_based,1.39,22.6,51.9,0.116
dry_snacks,4.93,24.1,32.6,0.293
baked_goods,6.52,9.7,63.4,0.176
fried_items,0.87,22.9,89.7,0.724
fried_items,4.41,19.5,55.8,0.102
dry_snacks,5.81,29.5,89.4,0.0
baked_goods,2.34,30.0,37.6,0.407
fried_items,3.72,27.5,53.5,0.02
baked_goods,0.72,26.4,84.1,0.841
baked_goods,2.2,15.0,82.6,0.749
rice_curry,4.67,27.5,49.4,0.036
rice_curry,9.9,27.8,70.7,0.048
raw_salads,9.96,31.5,83.2,0.0
fried_items,9.8,36.7,76.0,0.0
dairy_based,4.23,13.8,67.7,0.0
rice_curry,0.81,21.7,39.2,0.711
fried_items,3.24,19.5,34.4,0.333
baked_goods,2.38,25.0,66.9,0.502
dry_snacks,0.14,24.1,60.0,1.0
fried_items,0.95,22.6,44.3,0.723
raw_salads,4.53,30.2,47.6,0.013
rice_curry,3.4,17.4,53.5,0.0
rice_curry,1.8,17.8,59.7,0.433
raw_salads,7.16,17.9,53.4,0.038
dry_snacks,3.57,21.8,53.2,0.593
dairy_based,8.52,16.6,36.9,0.037
dairy_based,2.41,23.7,81.9,0.0
baked_goods,5.38,23.0,66.5,0.185
dry_snacks,1.84,19.3,38.8,0.838
dairy_based,4.95,29.2,55.4,0.0
dry_snacks,1.52,23.6,55.0,0.794
baked_goods,1.62,30.4,66.0,0.578
fried_items,6.12,22.8,66.5,0.0
dairy_based,2.64,23.9,68.7,0.0
dairy_based,1.72,20.6,71.9,0.084
dry_snacks,9.3,24.0,36.2,0.0
raw_salads,0.43,28.3,48.3,0.61
fried_items,5.65,21.5,31.0,0.0
rice_curry,5.48,27.1,57.3,0.0
dairy_based,2.51,19.1,55.8,0.0
baked_goods,4.53,28.6,74.1,0.0
baked_goods,0.88,20.5,40.0,0.859
dairy_based,7.21,29.1,67.9,0.0
rice_curry,2.22,24.4,48.4,0.0
fried_items,1.93,33.1,52.9,0.117
fried_items,3.15,17.1,73.2,0.399
fried_items,9.02,15.1,34.3,0.015
dry_snacks,7.96,20.3,50.6,0.21
dairy_based,9.47,15.7,53.5,0.033
fried_items,6.52,15.7,72.9,0.0
raw_salads,6.63,27.7,42.0,0.013
fried_items,4.8,24.0,86.8,0.003
dairy_based,9.05,21.1,89.9,0.0
fried_items,5.11,21.7,79.1,0.0
rice_curry,3.55,20.4,48.0,0.016
dry_snacks,6.4,33.9,69.8,0.0
baked_goods,5.46,19.6,35.0,0.285
raw_salads,1.24,16.1,82.3,0.462
raw_salads,3.93,28.8,61.0,0.013
fried_items,3.13,22.7,40.6,0.21
dry_snacks,8.47,36.2,49.6,0.031
raw_salads,3.79,20.8,78.0,0.0
dairy_based,8.22,29.1,82.2,0.0
rice_curry,4.42,30.5,61.2,0.015
raw_salads,7.54,20.9,58.8,0.0
baked_goods,1.35,19.5,75.0,0.798
baked_goods,9.25,28.4,79.6,0.0
rice_curry,4.81,27.4,75.9,0.0
raw_salads,2.6,15.5,53.1,0.046
dairy_based,2.41,17.2,68.5,0.0
fried_items,2.65,8.8,81.4,0.479
baked_goods,3.67,27.6,39.1,0.193
fried_items,7.18,22.4,53.3,0.0
rice_curry,9.5,23.0,33.4,0.0
rice_curry,6.69,13.9,54.5,0.0
dairy_based,5.47,17.4,76.3,0.0
raw_salads,4.49,21.1,41.8,0.013
baked_goods,8.28,20.0,62.5,0.053
dairy_based,8.5,24.7,32.2,0.0
baked_goods,2.93,27.5,83.9,0.321
baked_goods,9.53,37.6,79.2,0.0
dairy_based,3.95,23.9,61.5,0.0
dairy_based,8.0,30.7,72.3,0.0
raw_salads,9.67,19.0,36.2,0.0
fried_items,7.04,14.0,80.7,0.0
dry_snacks,1.62,21.9,72.9,0.796
baked_goods,5.86,14.4,37.2,0.231
fried_items,1.19,24.1,88.8,0.637
fried_items,7.89,19.3,31.4,0.038
baked_goods,2.81,12.3,67.7,0.655
raw_salads,6.95,34.4,40.3,0.005
rice_curry,9.1,20.8,73.2,0.0
dairy_based,1.81,14.2,34.2,0.097
rice_curry,3.93,29.4,34.9,0.017
fried_items,6.47,19.6,58.0,0.014
dairy_based,4.2,30.5,89.6,0.0
dairy_based,1.75,19.6,46.6,0.132
baked_goods,0.29,20.8,66.8,0.915
dairy_based,4.07,26.1,61.1,0.0
dairy_based,6.49,27.6,80.5,0.001
dairy_based,5.74,28.6,47.3,0.025
rice_curry,1.56,23.5,63.3,0.298
dry_snacks,4.51,27.2,87.0,0.243
baked_goods,3.69,28.5,50.0,0.162
dry_snacks,2.74,25.2,56.4,0.576
rice_curry,7.29,23.1,83.3,0.0
baked_goods,3.1,15.3,49.9,0.656
dry_snacks,5.4,27.6,52.8,0.073
fried_items,9.23,24.3,48.2,0.054
baked_goods,5.39,21.5,78.6,0.27
fried_items,6.17,31.7,85.8,0.0
rice_curry,0.73,15.4,67.9,0.709
dry_snacks,1.78,33.9,67.4,0.482
raw_salads,1.01,23.9,53.4,0.468
rice_curry,7.65,25.9,30.7,0.02
baked_goods,8.36,21.6,40.4,0.003
rice_curry,1.86,14.0,38.8,0.342
dry_snacks,2.19,23.2,37.0,0.709
baked_goods,3.23,26.0,69.2,0.35
raw_salads,5.91,28.1,38.2,0.023
raw_salads,6.22,22.8,35.1,0.008
baked_goods,6.87,10.8,53.0,0.161
rice_curry,9.05,14.8,44.9,0.0
raw_salads,2.95,36.3,38.8,0.035
baked_goods,6.59,17.4,38.8,0.196
rice_curry,5.6,32.6,45.4,0.0
dry_snacks,3.06,18.4,62.2,0.734
raw_salads,9.07,22.9,75.5,0.021
rice_curry,0.95,27.8,81.2,0.428
baked_goods,7.12,19.1,75.1,0.103
dry_snacks,7.28,33.6,67.7,0.042
rice_curry,9.15,24.5,84.5,0.0
rice_curry,5.19,26.8,61.2,0.036
rice_curry,3.22,22.4,68.0,0.0
baked_goods,8.28,28.0,54.7,0.033
raw_salads,7.71,33.5,49.6,0.004
raw_salads,5.0,23.2,49.9,0.0
baked_goods,7.68,34.4,38.9,0.0
rice_curry,2.68,20.3,77.8,0.09
raw_salads,5.9,28.6,33.3,0.0
fried_items,8.65,26.9,70.5,0.0
fried_items,3.18,17.6,81.9,0.323
baked_goods,4.84,25.3,59.8,0.096
baked_goods,9.51,24.0,34.2,0.053
raw_salads,7.98,18.9,55.7,0.0
fried_items,8.87,26.1,50.6,0.084
fried_items,3.85,24.9,89.1,0.0
baked_goods,9.97,23.6,71.5,0.006
rice_curry,1.53,23.6,73.3,0.283
rice_curry,5.19,23.5,60.9,0.0
fried_items,4.79,21.8,72.6,0.0
dry_snacks,7.98,24.8,73.4,0.0
rice_curry,9.09,20.1,34.0,0.0
baked_goods,7.31,39.9,43.4,0.036
raw_salads,6.27,15.5,30.8,0.0
fried_items,4.27,20.5,60.6,0.116
dairy_based,5.1,21.0,82.5,0.0
dairy_based,5.09,36.2,66.6,0.0
baked_goods,0.2,16.1,60.0,1.0
fried_items,5.03,26.6,85.6,0.0
dry_snacks,8.56,25.5,40.3,0.0
fried_items,7.09,26.0,34.5,0.0
dairy_based,7.96,31.4,85.0,0.0
baked_goods,3.9,31.3,84.2,0.0
raw_salads,5.29,21.3,71.0,0.0
raw_salads,0.33,25.2,44.8,0.804
fried_items,3.83,12.8,88.2,0.202
dairy_based,4.74,24.6,75.9,0.0
dairy_based,2.55,19.2,70.4,0.009
rice_curry,0.31,22.9,43.4,0.863
raw_salads,6.9,13.9,60.8,0.0
raw_salads,4.35,26.4,79.4,0.025
raw_salads,4.16,13.8,81.6,0.0
rice_curry,2.5,24.9,63.7,0.029
rice_curry,5.38,16.6,61.4,0.035
raw_salads,4.38,18.9,71.9,0.027
fried_items,4.74,30.9,61.7,0.019
baked_goods,5.81,27.5,55.1,0.0
dairy_based,0.06,30.9,35.1,0.932
dairy_based,9.08,33.4,37.6,0.0
fried_items,0.71,19.4,75.6,0.777
baked_goods,4.51,33.0,31.5,0.022
dairy_based,2.07,15.2,33.1,0.007
baked_goods,5.24,28.5,84.3,0.0
rice_curry,2.8,21.0,72.2,0.0
dairy_based,8.6,18.4,30.3,0.02
raw_salads,3.96,27.7,48.7,0.0
raw_salads,6.39,29.7,75.8,0.0
raw_salads,2.49,29.5,55.1,0.0
rice_curry,0.19,25.3,58.1,0.897
raw_salads,4.04,24.8,57.5,0.0
raw_salads,5.36,27.2,42.1,0.0
raw_salads,4.6,25.8,73.3,0.0
dry_snacks,9.62,27.2,36.2,0.0
baked_goods,7.07,25.2,60.4,0.0
raw_salads,9.96,29.1,40.2,0.076
baked_goods,2.95,14.2,32.8,0.63
rice_curry,7.89,23.2,38.6,0.0
baked_goods,5.56,15.7,82.2,0.263
dry_snacks,6.12,25.7,40.6,0.037
dairy_based,9.86,33.9,46.7,0.0
fried_items,6.54,21.2,38.3,0.039
dairy_based,8.99,24.8,74.1,0.0
baked_goods,7.26,28.5,56.7,0.056
rice_curry,1.27,11.6,86.6,0.536
fried_items,6.99,20.9,69.9,0.003
fried_items,4.84,26.2,61.9,0.029
fried_items,9.19,6.6,69.4,0.291
rice_curry,8.07,18.1,32.4,0.039
rice_curry,1.04,30.6,87.0,0.25
rice_curry,1.34,30.0,87.4,0.079
dairy_based,0.7,26.2,46.6,0.36
fried_items,4.93,29.3,67.7,0.0
dairy_based,0.81,25.3,42.1,0.415
dairy_based,7.24,27.3,62.8,0.024
rice_curry,5.52,22.1,76.2,0.0
rice_curry,8.36,24.7,86.4,0.025
fried_items,2.8,20.2,50.4,0.417
baked_goods,5.19,31.6,71.6,0.0
rice_curry,1.17,33.1,73.0,0.067
raw_salads,8.85,32.3,43.3,0.0
fried_items,1.75,21.6,67.7,0.607
rice_curry,1.02,18.3,69.3,0.658
dairy_based,2.05,31.7,75.8,0.002
dry_snacks,8.06,27.3,90.0,0.0
dry_snacks,1.06,26.0,32.4,0.829
dairy_based,6.14,20.2,42.1,0.0
dairy_based,7.46,26.6,38.7,0.011
baked_goods,7.51,17.5,39.3,0.064
dry_snacks,1.9,27.8,57.3,0.629
raw_salads,0.62,32.3,82.7,0.425
rice_curry,4.49,33.8,56.9,0.0
dry_snacks,2.02,28.3,70.1,0.673
baked_goods,6.99,15.7,52.6,0.094
baked_goods,3.57,25.2,49.2,0.333
fried_items,4.49,36.8,80.1,0.0
dry_snacks,1.13,18.8,69.3,0.86
dry_snacks,5.68,23.6,51.1,0.234
dairy_based,1.86,32.5,84.8,0.0
dairy_based,6.79,27.7,59.9,0.0
raw_salads,0.71,38.9,41.3,0.188
rice_curry,9.76,19.6,59.0,0.0
rice_curry,6.85,18.1,70.5,0.016
raw_salads,1.82,31.3,52.0,0.0
dry_snacks,0.14,16.8,80.6,0.962
dry_snacks,3.34,22.8,62.0,0.58
dairy_based,1.53,23.6,58.1,0.007
dairy_based,2.18,30.2,81.5,0.0
fried_items,8.73,27.7,57.8,0.01
raw_salads,6.03,26.7,54.9,0.014
raw_salads,1.76,21.6,36.2,0.173
rice_curry,5.57,31.3,51.7,0.0
raw_salads,2.56,40.0,53.8,0.0
fried_items,9.76,28.1,40.8,0.0
dry_snacks,0.33,24.6,65.3,1.0
raw_salads,7.32,16.2,38.6,0.0
dry_snacks,7.73,20.2,43.4,0.249
fried_items,0.67,22.7,63.7,0.801
baked_goods,1.72,20.8,46.1,0.804
rice_curry,3.84,23.9,68.4,0.0
rice_curry,8.68,34.7,71.4,0.0
dairy_based,5.37,31.5,48.1,0.044
raw_salads,6.55,23.0,35.2,0.021
rice_curry,7.83,16.8,59.4,0.0
fried_items,8.28,32.0,35.6,0.0
dairy_based,4.76,23.7,60.9,0.0
dry_snacks,5.09,13.6,73.6,0.519
baked_goods,7.18,28.3,67.2,0.0
baked_goods,2.63,30.2,56.9,0.334
fried_items,8.54,9.4,86.8,0.0
rice_curry,0.21,19.1,36.1,0.892
dry_snacks,1.96,23.3,82.8,0.728
dairy_based,8.0,28.4,78.0,0.0
fried_items,3.4,20.9,55.2,0.267
fried_items,1.5,19.0,39.2,0.683
rice_curry,1.87,28.4,39.4,0.0
fried_items,5.31,21.2,85.3,0.0
rice_curry,8.46,27.3,44.0,0.019
baked_goods,0.71,17.3,82.4,0.901
baked_goods,0.3,15.9,60.2,0.963
fried_items,4.65,28.5,57.7,0.027
dry_snacks,9.56,25.5,67.2,0.0
raw_salads,2.79,29.5,42.9,0.002
dry_snacks,9.59,20.8,55.7,0.0
raw_salads,8.88,19.2,86.3,0.002
dry_snacks,2.83,32.2,44.3,0.381
fried_items,8.17,14.9,85.3,0.0
dry_snacks,6.86,31.5,89.7,0.0
dry_snacks,5.12,31.9,33.1,0.033
baked_goods,4.23,29.2,61.9,0.0
baked_goods,8.16,19.9,40.3,0.002
dry_snacks,7.93,19.1,67.3,0.27
raw_salads,7.57,22.7,89.4,0.0
rice_curry,9.98,16.2,83.8,0.025
rice_curry,4.79,18.2,85.5,0.0
rice_curry,8.07,27.9,42.8,0.032
dairy_based,8.62,27.9,62.5,0.0
rice_curry,2.12,17.7,44.1,0.306
dairy_based,0.42,28.1,84.0,0.657
rice_curry,4.05,26.7,41.5,0.0
dry_snacks,8.57,33.1,39.2,0.001
dairy_based,2.89,27.4,30.7,0.0
baked_goods,7.0,30.4,40.9,0.027
baked_goods,0.07,26.9,41.4,0.968
dairy_based,3.55,29.9,34.6,0.031
rice_curry,6.16,16.3,82.1,0.0
baked_goods,1.3,23.3,76.8,0.784
baked_goods,8.97,23.8,45.3,0.0
baked_goods,1.56,22.5,77.0,0.76
raw_salads,9.1,26.7,55.3,0.0
baked_goods,2.16,27.8,76.5,0.486
raw_salads,9.94,26.4,49.4,0.0
dairy_based,6.05,22.9,63.9,0.0
dairy_based,0.84,19.6,52.9,0.603
rice_curry,0.65,30.6,41.3,0.521
rice_curry,0.75,26.1,65.1,0.585
baked_goods,5.9,17.9,75.0,0.258
baked_goods,8.1,22.8,75.2,0.033
baked_goods,4.03,13.5,51.4,0.496
rice_curry,4.45,24.2,61.1,0.0
dairy_based,5.89,22.8,75.8,0.0
rice_curry,5.33,20.6,33.3,0.0
raw_salads,6.88,33.5,34.3,0.0
rice_curry,4.72,17.1,52.6,0.0
dry_snacks,7.14,28.2,43.4,0.0
fried_items,9.97,37.1,52.5,0.0
raw_salads,3.5,30.5,35.6,0.026
raw_salads,0.12,23.8,65.5,0.935
dry_snacks,1.26,17.2,70.3,0.868
rice_curry,5.54,15.8,77.5,0.0
dry_snacks,3.44,21.5,69.0,0.596
rice_curry,9.4,19.9,53.8,0.015
fried_items,6.27,19.7,86.1,0.0
rice_curry,5.2,22.0,73.6,0.0
dry_snacks,7.98,23.4,61.7,0.0
fried_items,2.59,26.9,42.4,0.128
dry_snacks,8.2,16.6,68.9,0.206
rice_curry,0.03,19.9,65.5,1.0
dry_snacks,6.2,23.0,71.0,0.221
dry_snacks,9.35,22.8,76.9,0.0
dairy_based,7.88,35.0,84.9,0.0
raw_salads,8.54,25.4,86.9,0.0
baked_goods,3.97,14.3,67.8,0.442
dry_snacks,8.24,26.5,88.0,0.0
dry_snacks,5.51,27.3,84.7,0.019
dairy_based,6.19,23.2,30.2,0.0
fried_items,0.59,16.7,68.3,0.916
baked_goods,2.02,34.5,40.7,0.421
baked_goods,5.51,17.6,47.7,0.291
dairy_based,0.59,28.0,47.9,0.496
rice_curry,7.41,25.2,59.0,0.0
dry_snacks,8.4,27.6,30.7,0.02
dry_snacks,9.2,34.2,44.1,0.024
dry_snacks,1.02,27.4,31.7,0.86
raw_salads,9.4,20.6,69.0,0.0
rice_curry,0.68,30.6,83.4,0.542
baked_goods,4.74,20.2,89.9,0.309
fried_items,8.4,25.0,56.9,0.039
fried_items,0.7,16.2,45.6,0.859
dairy_based,0.18,17.8,81.2,0.888
baked_goods,0.25,24.3,36.8,0.894
dry_snacks,5.11,26.2,88.5,0.131
dry_snacks,8.12,13.8,72.9,0.216
dairy_based,1.27,27.0,60.2,0.0
dairy_based,1.25,19.1,35.8,0.398
fried_items,5.69,31.7,31.1,0.001
baked_goods,2.34,21.9,62.7,0.681
fried_items,7.3,17.3,54.8,0.006
rice_curry,9.5,24.5,80.6,0.0
rice_curry,7.66,18.5,68.5,0.0
baked_goods,8.77,31.6,55.9,0.048
rice_curry,5.2,24.0,43.6,0.015
fried_items,8.32,23.1,58.8,0.0
fried_items,1.83,27.6,39.8,0.426
baked_goods,0.68,18.0,70.0,0.939
baked_goods,6.56,16.3,66.3,0.198
dairy_based,0.52,26.5,78.6,0.564
rice_curry,8.92,17.4,57.0,0.022
dairy_based,6.92,17.4,46.7,0.023
dairy_based,9.52,29.0,80.2,0.0
rice_curry,3.14,27.2,71.5,0.0
fried_items,4.86,16.5,72.4,0.01
rice_curry,7.42,20.3,61.7,0.0
fried_items,2.43,18.6,82.6,0.486
baked_goods,5.42,34.7,43.7,0.0
raw_salads,6.59,29.4,54.1,0.0
dry_snacks,9.79,21.5,77.8,0.02
baked_goods,7.45,27.5,38.0,0.014
dry_snacks,1.18,15.9,78.5,0.791
dairy_based,4.75,20.0,51.2,0.0
rice_curry,5.89,24.6,37.5,0.026
dry_snacks,1.47,26.7,34.7,0.747
rice_curry,4.32,23.4,80.6,0.017
dry_snacks,2.84,25.5,76.7,0.575
baked_goods,1.19,24.5,47.3,0.744
dry_snacks,5.12,23.0,37.0,0.329
dairy_based,1.66,22.2,44.8,0.0
baked_goods,5.91,21.4,42.8,0.114
raw_salads,1.7,25.4,74.0,0.0
raw_salads,7.24,26.5,42.9,0.0
dry_snacks,1.95,25.2,43.0,0.684
raw_salads,8.96,16.9,31.9,0.008
fried_items,0.26,18.0,65.8,0.973
rice_curry,5.22,26.4,71.3,0.004
dairy_based,3.2,32.8,69.2,0.013
raw_salads,2.25,24.9,64.1,0.0
dairy_based,4.72,21.5,88.0,0.0
rice_curry,8.42,25.3,58.4,0.0
raw_salads,9.15,17.2,81.6,0.0
raw_salads,3.03,31.9,68.8,0.048
raw_salads,1.54,25.1,35.0,0.0
raw_salads,7.2,20.0,78.6,0.0
raw_salads,5.82,23.0,65.1,0.006
dairy_based,2.01,20.8,69.2,0.0
rice_curry,7.6,31.9,40.8,0.0
fried_items,5.19,22.8,56.2,0.0
rice_curry,6.53,24.9,82.8,0.0
dairy_based,3.59,27.4,42.9,0.027
fried_items,4.39,19.6,30.0,0.158
raw_salads,1.8,25.2,45.5,0.049
rice_curry,7.57,25.6,59.3,0.0
rice_curry,1.57,14.7,79.3,0.416
baked_goods,7.78,25.5,68.6,0.0
dry_snacks,7.98,23.7,85.1,0.014
fried_items,7.47,24.8,57.3,0.013
baked_goods,0.19,24.2,53.4,0.968
fried_items,2.73,25.6,43.9,0.157
dairy_based,4.68,32.0,43.1,0.0
baked_goods,5.96,16.9,74.2,0.208
dairy_based,9.19,21.9,34.8,0.015
baked_goods,3.76,28.0,44.6,0.149
dairy_based,8.75,26.9,83.2,0.0
dry_snacks,1.63,26.8,64.6,0.739
fried_items,3.71,40.0,32.8,0.0
dry_snacks,0.52,27.7,72.3,0.902
raw_salads,7.42,30.8,60.4,0.0
fried_items,1.51,22.2,81.3,0.639
dairy_based,2.57,18.0,70.9,0.0
dairy_based,7.75,22.1,30.3,0.0
fried_items,5.35,28.3,42.3,0.01
rice_curry,0.14,26.4,45.5,0.934
rice_curry,0.02,26.4,72.1,0.991
dairy_based,5.11,22.7,60.6,0.031
rice_curry,3.05,21.8,74.8,0.0
baked_goods,1.8,22.9,60.8,0.728
dry_snacks,6.14,28.3,49.6,0.0
baked_goods,2.28,29.0,36.2,0.453
dairy_based,5.92,18.0,42.2,0.0
fried_items,3.79,28.6,54.0,0.043
dry_snacks,1.87,20.1,63.1,0.804
dairy_based,1.38,26.8,86.3,0.0
baked_goods,2.37,22.8,44.4,0.567
rice_curry,0.3,33.4,70.0,0.747
dry_snacks,3.08,21.5,39.2,0.621
fried_items,9.02,25.1,72.8,0.061
dry_snacks,8.31,27.6,30.7,0.0
rice_curry,3.72,18.8,69.4,0.0
dairy_based,5.76,23.6,39.8,0.004
fried_items,5.67,22.4,40.8,0.0
fried_items,8.29,20.9,63.5,0.0
baked_goods,2.36,21.4,52.5,0.677
raw_salads,2.96,30.7,58.3,0.003
dry_snacks,3.02,20.4,48.5,0.617
dairy_based,0.41,27.4,87.2,0.6
dry_snacks,3.15,25.9,47.4,0.531
dry_snacks,8.78,15.6,62.5,0.137
rice_curry,9.12,27.1,81.3,0.015
fried_items,1.1,15.5,69.9,0.741
raw_salads,4.58,27.8,49.4,0.038
baked_goods,3.81,21.0,63.1,0.473
fried_items,4.89,24.1,35.0,0.048
baked_goods,5.55,16.2,62.7,0.304
rice_curry,0.2,24.7,55.9,0.839
raw_salads,8.42,29.6,75.5,0.01
raw_salads,9.74,19.2,80.9,0.0
dry_snacks,6.53,20.4,42.0,0.312
dairy_based,6.6,26.7,34.9,0.0
baked_goods,5.28,26.9,53.4,0.049
dairy_based,3.34,9.4,62.0,0.0
raw_salads,1.49,36.1,52.6,0.047
raw_salads,5.84,27.2,67.7,0.0
dairy_based,0.45,28.2,60.3,0.563
dry_snacks,8.25,23.1,86.2,0.013
dairy_based,4.21,12.9,54.6,0.0
rice_curry,4.15,28.0,34.9,0.0
dairy_based,3.27,20.6,48.1,0.0
fried_items,9.69,27.3,66.4,0.0
dairy_based,1.75,22.7,45.4,0.013
rice_curry,1.51,25.4,46.1,0.183
rice_curry,1.66,19.4,50.4,0.432
baked_goods,6.59,29.2,74.8,0.0
dry_snacks,9.92,16.9,86.4,0.0
rice_curry,2.35,37.5,51.0,0.044
raw_salads,9.06,37.4,41.7,0.0
dry_snacks,2.79,33.8,55.2,0.316
dairy_based,6.48,31.7,51.1,0.082
rice_curry,0.4,23.5,89.4,0.775
dry_snacks,4.96,31.0,57.8,0.0
dairy_based,6.55,23.4,70.8,0.0
fried_items,5.36,14.7,84.8,0.0
rice_curry,2.38,33.0,67.7,0.0
dry_snacks,8.28,30.8,45.0,0.028
dry_snacks,9.7,23.8,66.4,0.006
fried_items,4.59,16.6,54.1,0.114
raw_salads,6.36,20.5,55.3,0.031
rice_curry,7.9,13.1,88.8,0.0
rice_curry,2.41,29.7,46.7,0.011
dairy_based,8.64,14.4,58.1,0.033
dairy_based,2.8,25.7,39.6,0.0
rice_curry,7.76,18.9,40.7,0.075
dry_snacks,1.12,15.4,66.2,0.866
fried_items,2.88,25.4,75.1,0.084
dairy_based,5.34,22.0,68.2,0.0
dairy_based,5.25,29.0,49.8,0.0
rice_curry,8.5,16.4,33.6,0.029
raw_salads,9.96,19.5,58.2,0.068
fried_items,1.07,9.7,60.3,0.768
dairy_based,2.71,10.9,76.2,0.0
rice_curry,3.58,34.8,68.4,0.0
baked_goods,4.79,36.5,82.3,0.008
raw_salads,4.94,24.6,77.0,0.05
dry_snacks,8.56,19.1,52.0,0.189
raw_salads,7.71,22.2,67.9,0.0
baked_goods,0.19,29.2,74.8,0.956
dry_snacks,4.55,20.9,87.4,0.495
baked_goods,6.18,25.4,55.3,0.0
dry_snacks,4.6,23.9,68.9,0.317
dry_snacks,1.31,20.6,53.6,0.838
dry_snacks,3.97,20.8,74.3,0.589
dairy_based,4.12,25.8,84.7,0.013
fried_items,1.88,18.1,85.2,0.593
dairy_based,7.56,26.7,39.4,0.008
dry_snacks,3.21,21.2,42.2,0.677
rice_curry,5.89,24.8,75.3,0.0
raw_salads,5.16,32.3,67.9,0.0
raw_salads,8.77,23.0,84.3,0.036
baked_goods,1.22,29.5,48.8,0.711
dry_snacks,1.14,13.2,80.9,0.831
baked_goods,3.0,21.2,71.0,0.573
baked_goods,4.31,24.2,41.7,0.267
fried_items,2.99,35.5,37.6,0.0
dry_snacks,7.63,12.2,72.2,0.23
raw_salads,2.45,23.4,39.5,0.0
dairy_based,0.85,32.7,77.7,0.0
dry_snacks,4.14,19.3,63.4,0.585
rice_curry,7.73,22.7,58.6,0.0
dairy_based,8.51,26.0,46.5,0.0
dry_snacks,7.33,25.1,89.0,0.0
rice_curry,5.58,33.4,73.3,0.0
dairy_based,7.24,26.7,76.7,0.0
raw_salads,6.81,32.0,76.1,0.0
dry_snacks,2.34,21.8,65.0,0.743
fried_items,5.51,19.6,86.4,0.0
raw_salads,7.71,22.6,65.0,0.0
baked_goods,3.17,17.0,61.2,0.571
raw_salads,6.54,26.9,46.4,0.0
rice_curry,4.81,21.7,46.9,0.022
baked_goods,5.03,20.0,74.2,0.372
raw_salads,0.9,27.0,50.1,0.374
rice_curry,6.66,17.1,73.7,0.0
dairy_based,8.66,28.6,87.2,0.0
fried_items,1.41,21.1,56.4,0.671
dairy_based,3.66,31.0,35.8,0.0
rice_curry,0.49,21.6,70.0,0.789
raw_salads,0.3,27.8,30.6,0.814
raw_salads,9.9,25.1,77.2,0.0
dairy_based,4.93,28.5,61.5,0.028
baked_goods,3.56,24.7,59.4,0.303
dairy_based,2.75,14.0,64.2,0.0
baked_goods,9.8,30.1,61.0,0.0
fried_items,2.52,23.5,49.4,0.307
dairy_based,7.26,28.7,46.9,0.0
dry_snacks,2.84,28.1,54.9,0.524
fried_items,0.7,19.4,83.7,0.848
rice_curry,6.83,18.5,38.1,0.03
rice_curry,0.02,27.9,49.5,0.977
rice_curry,6.76,22.2,41.5,0.0
raw_salads,2.5,29.6,55.6,0.0
dry_snacks,7.46,22.9,38.0,0.043
baked_goods,7.7,30.1,75.6,0.039
raw_salads,7.24,26.5,36.2,0.012
dry_snacks,0.24,25.7,69.9,0.94
fried_items,7.04,21.8,46.1,0.0
fried_items,9.9,25.4,58.3,0.0
dairy_based,2.43,31.2,42.0,0.061
baked_goods,2.74,23.7,73.8,0.554
dairy_based,8.14,27.2,86.9,0.0
dairy_based,1.6,24.3,43.3,0.003
dairy_based,6.61,24.7,87.2,0.0
baked_goods,7.55,34.3,49.5,0.015
fried_items,0.37,31.2,63.5,0.826
dairy_based,5.54,24.5,72.1,0.0
raw_salads,5.76,25.3,42.0,0.031
baked_goods,3.03,19.8,56.7,0.621
raw_salads,8.76,23.0,34.1,0.028
baked_goods,1.63,25.9,71.8,0.715
dairy_based,3.64,29.1,55.0,0.016
baked_goods,8.49,28.5,83.5,0.0
rice_curry,1.91,17.3,46.4,0.461
rice_curry,8.21,29.9,85.4,0.0
dairy_based,0.79,23.5,38.5,0.435
raw_salads,4.89,18.1,66.4,0.0
fried_items,0.75,32.0,48.5,0.715
dairy_based,6.78,32.8,40.9,0.0
dairy_based,7.91,25.6,35.6,0.0
rice_curry,8.5,28.3,69.3,0.024
fried_items,9.81,28.6,44.0,0.0
dairy_based,6.72,32.4,64.4,0.0
fried_items,7.69,28.4,88.8,0.003
dairy_based,5.06,16.0,49.0,0.0
rice_curry,9.13,36.1,32.1,0.0
raw_salads,6.44,30.4,38.6,0.0
dairy_based,8.84,20.9,37.2,0.017
dry_snacks,2.35,17.8,57.8,0.772
dairy_based,4.97,27.0,74.7,0.0
fried_items,7.3,22.3,47.8,0.0
dry_snacks,2.03,26.0,38.8,0.668
rice_curry,2.11,28.5,68.4,0.025
dry_snacks,9.78,20.6,48.1,0.0
fried_items,4.35,17.3,64.5,0.106
baked_goods,1.82,26.3,86.0,0.567
raw_salads,3.31,20.8,47.5,0.0
dairy_based,3.97,24.9,60.7,0.009
raw_salads,6.23,15.9,78.4,0.045
rice_curry,9.23,22.5,71.5,0.0
baked_goods,9.87,28.3,75.1,0.0
fried_items,6.52,27.6,76.4,0.01
baked_goods,7.0,19.3,62.4,0.144
baked_goods,3.22,17.0,62.2,0.578
fried_items,8.57,24.1,73.1,0.056
rice_curry,2.18,27.4,71.9,0.0
fried_items,1.06,26.4,70.2,0.647
baked_goods,9.73,20.9,52.9,0.017
raw_salads,8.64,25.8,79.7,0.0
raw_salads,3.04,33.0,44.2,0.046
rice_curry,6.75,25.2,39.3,0.0
fried_items,4.67,14.2,50.7,0.089
dry_snacks,3.23,25.2,45.2,0.513
baked_goods,2.87,36.3,69.8,0.078
raw_salads,1.36,16.3,43.9,0.449
dry_snacks,5.49,24.2,69.4,0.201
fried_items,4.47,22.6,60.8,0.021
raw_salads,5.12,24.6,39.1,0.011
raw_salads,2.15,25.2,45.5,0.0
dairy_based,9.39,30.8,61.3,0.039
dry_snacks,6.39,24.5,74.0,0.081
raw_salads,9.0,31.7,53.9,0.0
raw_salads,1.09,23.3,44.0,0.405
fried_items,6.23,21.9,47.7,0.011
raw_salads,8.49,20.0,35.7,0.02
dry_snacks,3.31,13.1,31.5,0.621
fried_items,1.95,25.7,88.4,0.372
dry_snacks,2.65,36.3,35.8,0.322
raw_salads,2.73,26.7,37.5,0.0
baked_goods,4.47,28.1,82.3,0.0
raw_salads,3.26,21.5,69.8,0.011
fried_items,2.71,22.5,56.2,0.337
dry_snacks,6.49,29.9,68.9,0.015
dry_snacks,0.53,36.1,86.1,0.826
dairy_based,3.4,32.9,36.0,0.0
baked_goods,6.9,28.8,44.6,0.0
dry_snacks,1.76,24.2,81.6,0.761
raw_salads,2.21,25.3,76.8,0.004
rice_curry,2.01,19.5,89.7,0.337
dairy_based,0.01,15.3,48.8,0.974
rice_curry,4.74,17.2,86.7,0.0
dairy_based,0.39,24.3,50.6,0.676
dairy_based,2.73,22.2,72.9,0.0
dry_snacks,9.95,15.2,83.0,0.0
fried_items,9.18,23.8,40.2,0.02
baked_goods,2.15,22.1,42.3,0.725
raw_salads,3.1,17.0,64.9,0.0
rice_curry,4.64,21.8,80.6,0.0
raw_salads,8.44,22.1,34.7,0.0
raw_salads,8.03,20.3,81.1,0.0
raw_salads,1.26,29.6,50.6,0.079
dairy_based,1.24,12.6,54.4,0.4
raw_salads,4.17,12.1,50.4,0.033
fried_items,8.7,24.0,84.7,0.0
dry_snacks,8.82,24.6,37.8,0.0
rice_curry,1.07,26.4,64.5,0.429
baked_goods,5.74,20.8,38.9,0.212
dry_snacks,1.56,18.5,85.7,0.81
dairy_based,6.86,24.0,77.9,0.0
baked_goods,9.16,21.4,44.0,0.0
dry_snacks,4.55,33.3,47.9,0.001
dairy_based,0.83,22.1,52.9,0.475
rice_curry,5.79,23.7,54.3,0.009
fried_items,4.09,38.9,79.0,0.0
rice_curry,8.11,22.8,63.9,0.0
raw_salads,3.4,27.3,55.7,0.0
dry_snacks,8.75,27.9,73.2,0.0
raw_salads,2.74,28.4,57.5,0.0
baked_goods,1.58,25.7,37.7,0.692
raw_salads,3.06,25.2,36.4,0.033
raw_salads,0.35,24.6,49.6,0.758
rice_curry,2.81,20.5,66.2,0.071
raw_salads,6.6,26.0,38.1,0.0
fried_items,1.42,36.2,63.0,0.265
raw_salads,1.11,31.3,46.2,0.03
raw_salads,1.32,25.8,71.7,0.185
fried_items,0.78,29.1,31.7,0.699
dairy_based,8.75,18.8,58.1,0.0
dry_snacks,9.44,22.4,33.1,0.0
dry_snacks,0.47,29.7,49.8,0.9
dairy_based,7.6,32.9,30.9,0.013
baked_goods,7.37,19.4,58.1,0.084
fried_items,9.97,21.1,76.0,0.0
dairy_based,3.48,37.1,36.0,0.0
rice_curry,2.86,24.6,74.1,0.0
fried_items,4.53,34.9,65.1,0.0
fried_items,8.57,25.2,60.3,0.014
raw_salads,7.29,25.5,66.0,0.014
baked_goods,4.72,22.2,50.2,0.307
fried_items,2.45,29.7,72.6,0.026
raw_salads,7.27,32.1,76.8,0.0
dairy_based,8.55,17.8,76.7,0.0
raw_salads,4.0,21.9,46.2,0.0
dairy_based,6.69,29.5,69.2,0.0
dry_snacks,4.0,23.2,38.9,0.46
dairy_based,4.78,21.0,59.7,0.0
dry_snacks,5.25,30.1,30.2,0.0
dry_snacks,7.76,30.6,41.6,0.004
raw_salads,9.78,21.3,67.9,0.0
baked_goods,4.44,25.3,82.5,0.108
rice_curry,3.42,16.7,32.9,0.046
raw_salads,3.74,18.6,63.5,0.0
dry_snacks,1.34,24.7,68.2,0.789
rice_curry,2.97,24.2,85.9,0.0
baked_goods,0.86,18.2,69.3,0.86
rice_curry,4.28,19.7,36.2,0.0
baked_goods,1.67,17.6,38.8,0.761
raw_salads,3.46,26.7,68.1,0.009
dry_snacks,7.94,12.2,42.9,0.247
dry_snacks,2.46,17.9,85.7,0.754
raw_salads,6.12,12.8,85.2,0.005
fried_items,9.01,26.5,86.9,0.0
fried_items,5.67,13.2,47.6,0.0
dairy_based,1.94,24.2,73.0,0.001
dairy_based,3.45,33.8,69.8,0.016
baked_goods,5.9,34.0,32.1,0.053
fried_items,5.07,13.2,45.9,0.032
dry_snacks,1.49,25.8,42.4,0.792
fried_items,4.47,18.1,52.2,0.185
baked_goods,5.43,16.8,87.2,0.297
dry_snacks,2.67,23.3,80.7,0.615
dairy_based,6.12,31.4,47.6,0.005
baked_goods,0.7,27.6,61.8,0.816
fried_items,3.37,19.7,41.5,0.329
dry_snacks,8.04,28.2,46.6,0.0
dry_snacks,2.59,10.5,33.9,0.725
fried_items,6.05,19.5,68.6,0.0
dairy_based,4.1,19.1,69.4,0.019
raw_salads,3.16,24.5,80.3,0.013
fried_items,9.16,22.8,82.3,0.0
raw_salads,3.43,23.2,39.6,0.062
rice_curry,2.37,23.0,74.6,0.0
dairy_based,9.09,24.1,38.1,0.007
dry_snacks,7.46,27.2,52.4,0.0
fried_items,6.82,24.9,60.9,0.0
rice_curry,0.5,22.3,33.0,0.829
dairy_based,1.31,26.4,39.4,0.005
dairy_based,6.38,29.0,46.3,0.003
rice_curry,2.09,20.7,37.7,0.262
dry_snacks,2.26,23.6,86.0,0.623
fried_items,7.79,31.0,47.3,0.0
raw_salads,2.86,17.4,60.1,0.042
rice_curry,0.72,34.8,89.8,0.41
dairy_based,0.36,16.0,64.0,0.81
rice_curry,4.43,21.9,54.7,0.047
baked_goods,6.17,18.3,85.8,0.165
dairy_based,8.69,37.1,43.3,0.0
raw_salads,1.11,21.0,40.8,0.569
rice_curry,1.97,21.0,62.1,0.294
dry_snacks,5.3,21.8,55.6,0.367
fried_items,3.64,24.6,77.8,0.0
fried_items,4.83,22.0,32.5,0.0
raw_salads,9.24,23.2,67.1,0.001
raw_salads,5.45,4.0,72.6,0.121
raw_salads,4.15,24.3,88.3,0.0
fried_items,9.89,24.1,38.7,0.0
dairy_based,0.65,30.2,44.8,0.348
dairy_based,9.32,31.9,85.9,0.0
dry_snacks,5.02,22.9,67.8,0.317
dairy_based,5.04,28.9,32.3,0.038
dairy_based,9.22,17.4,34.6,0.065
dry_snacks,5.07,28.6,77.1,0.097
rice_curry,4.38,20.6,64.0,0.015
fried_items,2.72,16.9,63.9,0.443
dairy_based,6.59,22.9,82.8,0.0
raw_salads,5.7,32.4,44.5,0.012
dairy_based,2.14,25.1,39.6,0.0
raw_salads,7.09,33.0,66.8,0.033
fried_items,6.44,19.5,82.9,0.0
dry_snacks,3.97,30.3,45.9,0.185
rice_curry,0.04,20.1,70.9,0.998
baked_goods,4.47,25.4,39.1,0.118
fried_items,0.06,25.3,40.3,0.974
rice_curry,0.75,28.0,84.1,0.545
fried_items,4.31,25.5,37.1,0.046
raw_salads,0.82,19.6,31.5,0.634
dairy_based,2.76,29.3,76.5,0.0
dry_snacks,6.55,34.4,51.8,0.0
rice_curry,3.09,20.5,53.8,0.0
raw_salads,9.98,13.0,78.0,0.0
baked_goods,9.16,27.0,40.8,0.0
raw_salads,5.85,22.0,69.0,0.028
raw_salads,9.67,23.2,48.8,0.0
dry_snacks,8.68,27.3,36.3,0.001
rice_curry,3.19,21.3,71.2,0.0
dry_snacks,7.5,22.4,49.1,0.09
dry_snacks,1.37,23.4,82.0,0.851
raw_salads,6.85,32.8,85.1,0.0
raw_salads,4.91,24.2,80.9,0.031
dry_snacks,0.17,16.6,49.3,0.994
baked_goods,2.74,16.8,44.2,0.658
fried_items,9.55,24.8,83.6,0.0
dry_snacks,3.16,17.2,57.2,0.696
raw_salads,1.81,14.6,72.5,0.317
raw_salads,1.88,27.8,79.6,0.0
fried_items,4.79,28.1,46.7,0.016
baked_goods,8.43,21.8,37.1,0.0
dairy_based,7.58,25.8,67.5,0.018
baked_goods,4.37,25.1,65.4,0.14
dairy_based,2.09,27.6,46.2,0.003
raw_salads,0.46,27.6,65.1,0.757
dry_snacks,4.63,8.4,77.4,0.445
rice_curry,8.15,22.6,51.0,0.007
raw_salads,7.3,27.1,44.5,0.008
rice_curry,4.09,21.5,73.5,0.0
rice_curry,5.95,24.2,77.2,0.0
baked_goods,4.36,28.5,87.3,0.0
rice_curry,5.79,24.5,38.9,0.0
fried_items,5.18,33.0,83.4,0.0
rice_curry,6.81,30.8,75.9,0.0
rice_curry,5.08,23.3,72.1,0.049
raw_salads,9.41,22.8,48.8,0.0
rice_curry,4.28,6.9,31.3,0.446
dry_snacks,0.16,22.0,60.5,0.96
baked_goods,2.36,15.9,47.1,0.733
raw_salads,5.01,25.3,47.4,0.022
dry_snacks,5.41,24.9,85.6,0.181
baked_goods,5.52,28.2,39.2,0.0
fried_items,7.15,32.4,86.1,0.0
baked_goods,2.75,23.8,60.2,0.575
dry_snacks,6.65,37.7,80.3,0.0
raw_salads,7.04,25.4,47.0,0.019
fried_items,4.11,16.1,68.0,0.141
raw_salads,4.02,20.6,63.4,0.027
dairy_based,1.79,21.8,85.4,0.0
raw_salads,4.14,27.6,40.8,0.0
fried_items,7.87,18.3,42.3,0.0
dry_snacks,9.09,22.2,86.9,0.0
raw_salads,5.94,23.0,35.9,0.012
baked_goods,2.99,21.3,68.1,0.571
rice_curry,6.82,28.9,33.6,0.0
fried_items,7.4,27.8,34.6,0.0
dairy_based,3.32,31.0,65.8,0.0
fried_items,8.27,22.0,63.1,0.016
raw_salads,0.74,31.2,64.4,0.395
raw_salads,0.11,15.8,58.4,0.956
rice_curry,1.23,15.7,74.5,0.584
raw_salads,1.56,16.7,89.5,0.399
dairy_based,8.79,24.1,46.5,0.0
baked_goods,4.25,31.2,49.4,0.0
baked_goods,2.75,20.4,49.4,0.66
dairy_based,4.29,21.1,75.8,0.0
dairy_based,3.95,22.7,50.9,0.0
dairy_based,3.01,27.4,70.6,0.0
raw_salads,1.38,21.1,56.8,0.365
dairy_based,6.56,20.8,66.5,0.0
rice_curry,1.37,15.9,79.7,0.552
dairy_based,7.75,20.6,60.8,0.032
rice_curry,2.02,31.1,58.5,0.028
dairy_based,7.31,24.5,46.0,0.01
dry_snacks,8.06,19.6,61.0,0.186
dry_snacks,1.25,31.4,45.7,0.661
baked_goods,0.87,20.5,80.6,0.877
dry_snacks,9.5,32.5,53.3,0.0
fried_items,4.63,32.4,37.7,0.0
baked_goods,6.3,24.3,44.4,0.0
baked_goods,0.23,15.0,62.1,0.977
dairy_based,2.79,37.7,85.0,0.0
rice_curry,5.05,26.3,48.0,0.046
raw_salads,8.86,22.1,45.9,0.014
raw_salads,2.71,29.7,54.4,0.0
fried_items,7.75,28.2,88.1,0.014
dry_snacks,6.62,31.9,80.7,0.026
dry_snacks,1.15,20.0,39.0,0.9
rice_curry,2.93,25.9,66.8,0.0
dry_snacks,2.38,16.9,77.5,0.728
raw_salads,4.43,28.0,76.1,0.0
rice_curry,6.35,23.9,59.3,0.0
rice_curry,4.33,25.7,73.9,0.0
raw_salads,2.45,23.1,65.0,0.0
baked_goods,6.96,22.5,42.1,0.008
rice_curry,5.84,18.8,33.4,0.0
dairy_based,5.19,28.7,52.2,0.0
fried_items,5.54,32.9,33.7,0.0
fried_items,2.22,20.7,53.7,0.525
raw_salads,6.8,27.3,79.7,0.0
raw_salads,3.88,26.6,80.7,0.0
raw_salads,3.63,24.0,32.0,0.0
dry_snacks,1.5,14.8,34.2,0.807
rice_curry,5.97,16.2,70.2,0.0
fried_items,6.03,19.3,60.0,0.0
dry_snacks,3.4,11.2,39.0,0.65
dairy_based,8.6,32.4,78.3,0.0
dry_snacks,8.45,26.2,43.0,0.013
raw_salads,1.09,23.8,34.7,0.418
dry_snacks,6.95,10.9,75.0,0.271
dry_snacks,3.94,13.1,66.5,0.552
rice_curry,10.0,24.0,53.7,0.038
dry_snacks,2.25,35.8,71.6,0.419
fried_items,2.81,19.8,84.7,0.386
dairy_based,4.42,29.2,32.1,0.008
raw_salads,2.69,21.1,67.7,0.024
rice_curry,6.92,24.3,43.1,0.052
fried_items,4.81,31.3,58.4,0.008
fried_items,2.21,21.9,55.4,0.505
fried_items,5.06,19.9,53.4,0.0
baked_goods,8.89,32.5,41.4,0.0
rice_curry,7.92,24.3,78.2,0.0
fried_items,4.99,30.5,52.8,0.01
baked_goods,2.88,19.9,83.2,0.664
raw_salads,1.8,32.4,51.3,0.007
fried_items,8.78,25.6,80.4,0.0
fried_items,7.1,26.6,62.7,0.0
raw_salads,5.72,24.8,53.1,0.049
fried_items,8.79,21.0,72.2,0.003
raw_salads,1.22,24.0,77.2,0.315
dry_snacks,6.82,21.3,59.0,0.215
dairy_based,2.17,29.8,55.5,0.008
dry_snacks,1.21,22.8,64.6,0.812
dry_snacks,4.66,15.0,65.1,0.541
dairy_based,3.87,13.9,55.5,0.0
rice_curry,9.41,13.6,75.5,0.0
dairy_based,3.24,27.7,54.0,0.0
dairy_based,8.15,17.1,57.2,0.0
fried_items,7.49,25.8,66.3,0.0
raw_salads,6.68,24.8,89.2,0.0
raw_salads,9.2,23.6,45.6,0.0
dairy_based,4.08,26.6,43.9,0.0
rice_curry,3.9,24.9,40.6,0.053
baked_goods,1.61,7.7,71.4,0.917
dry_snacks,2.76,22.1,56.9,0.678
fried_items,8.8,26.6,53.3,0.015
dairy_based,4.74,33.8,42.2,0.026
rice_curry,3.41,34.1,83.5,0.0
fried_items,2.16,15.8,56.6,0.576
rice_curry,4.85,21.9,66.5,0.015
rice_curry,7.17,14.6,36.8,0.0
fried_items,2.87,33.1,36.5,0.063
rice_curry,7.58,30.1,34.0,0.048
baked_goods,6.3,26.1,52.0,0.007
dry_snacks,7.88,25.0,58.4,0.0
dairy_based,2.51,32.3,44.7,0.036
baked_goods,6.31,31.3,51.0,0.0
rice_curry,1.54,30.9,30.4,0.016
baked_goods,3.64,26.7,51.1,0.2
baked_goods,7.24,21.9,37.2,0.067
raw_salads,6.32,28.6,37.7,0.0
rice_curry,1.88,28.9,30.3,0.002
baked_goods,8.58,22.9,71.8,0.0
raw_salads,0.53,21.9,85.9,0.719
baked_goods,5.95,30.8,67.3,0.0
rice_curry,9.84,34.0,35.8,0.034
baked_goods,5.32,19.5,89.4,0.293
dry_snacks,8.01,22.4,88.5,0.011
fried_items,5.95,26.1,58.1,0.0
dairy_based,7.83,26.9,36.5,0.0
fried_items,6.56,20.9,73.2,0.0
fried_items,6.91,35.3,87.7,0.0
dry_snacks,2.28,26.5,76.7,0.618
fried_items,7.42,27.2,67.5,0.014
raw_salads,2.38,34.6,66.6,0.001
dairy_based,9.81,21.3,88.7,0.0
rice_curry,2.28,23.5,34.4,0.0
raw_salads,2.37,16.5,39.0,0.065
dry_snacks,8.59,23.0,79.8,0.028
dairy_based,2.43,15.1,38.7,0.0
fried_items,3.61,28.5,53.0,0.015
dairy_based,7.15,26.5,46.9,0.02
raw_salads,1.59,22.3,44.6,0.26
dairy_based,1.59,23.4,31.5,0.022
raw_salads,4.86,28.6,64.0,0.0
dry_snacks,2.44,17.2,54.1,0.769
baked_goods,2.36,25.2,63.1,0.526
fried_items,0.09,28.2,48.3,0.955
rice_curry,3.7,13.3,86.5,0.0
rice_curry,3.18,28.1,65.5,0.039
baked_goods,0.31,14.0,87.7,0.947
fried_items,6.21,23.3,51.0,0.0
fried_items,6.27,17.0,30.1,0.008
dry_snacks,0.71,32.6,76.9,0.858
fried_items,3.17,17.1,79.6,0.376
raw_salads,8.73,14.1,33.5,0.0
dry_snacks,5.82,24.8,67.5,0.037
dairy_based,4.12,21.5,69.7,0.002
dairy_based,4.65,15.0,38.7,0.0
raw_salads,2.08,27.2,63.2,0.016
rice_curry,8.12,12.1,44.6,0.029
dairy_based,9.14,17.8,31.0,0.033
baked_goods,9.11,20.5,82.0,0.03
dry_snacks,2.24,28.8,59.5,0.616
baked_goods,3.11,31.8,76.9,0.19
baked_goods,1.61,30.6,73.4,0.614
baked_goods,3.07,23.1,89.6,0.512
fried_items,3.33,9.4,56.3,0.333
baked_goods,6.33,26.3,55.7,0.0
baked_goods,1.9,32.8,46.9,0.533
raw_salads,9.19,31.4,67.5,0.0
dairy_based,1.03,26.8,59.2,0.172
dairy_based,0.07,16.9,73.7,0.935
fried_items,8.55,20.8,51.4,0.029
rice_curry,7.04,35.6,37.9,0.0
raw_salads,3.55,15.5,81.7,0.0
baked_goods,5.95,17.1,79.7,0.233
fried_items,2.24,29.7,51.1,0.135
rice_curry,1.68,21.4,71.4,0.38
dairy_based,4.71,16.9,59.5,0.0
dairy_based,3.53,33.2,75.7,0.004
fried_items,6.15,26.8,53.4,0.037
baked_goods,2.18,21.7,62.1,0.749
baked_goods,6.63,17.1,33.5,0.193
raw_salads,7.67,36.3,40.5,0.0
raw_salads,1.67,23.9,76.9,0.022
baked_goods,0.44,32.4,52.9,0.932
dairy_based,4.4,29.4,32.1,0.022
fried_items,7.74,20.9,40.1,0.0
dairy_based,6.51,20.9,54.7,0.0
fried_items,7.02,32.7,73.1,0.0
baked_goods,4.03,32.8,51.8,0.019
dairy_based,2.35,12.7,74.7,0.0
fried_items,5.32,27.3,81.5,0.0
dry_snacks,2.04,23.3,50.5,0.748
baked_goods,7.26,17.8,78.0,0.027
dairy_based,1.97,25.6,37.6,0.041
dairy_based,2.91,15.9,54.9,0.006
fried_items,5.07,21.2,35.9,0.0
rice_curry,4.87,19.2,33.2,0.03
fried_items,6.01,21.0,33.9,0.011
baked_goods,4.37,23.6,36.3,0.298
dairy_based,9.19,17.9,80.1,0.0
dry_snacks,8.4,33.4,62.6,0.002
dairy_based,8.79,27.0,86.8,0.0
rice_curry,6.3,34.8,62.3,0.006
dairy_based,6.35,23.0,67.7,0.043
fried_items,6.09,20.7,41.1,0.0
dry_snacks,4.35,34.6,62.4,0.017
baked_goods,3.22,20.5,53.1,0.55
rice_curry,5.92,22.9,85.9,0.0
raw_salads,0.26,28.3,86.0,0.793
baked_goods,0.07,16.6,41.9,1.0
rice_curry,8.52,28.3,67.2,0.0
fried_items,0.46,27.5,68.3,0.784
dry_snacks,5.25,31.6,63.8,0.005
dry_snacks,6.15,29.3,37.5,0.008
raw_salads,1.98,31.8,69.2,0.0
baked_goods,8.96,23.3,77.9,0.0
dry_snacks,1.9,18.8,50.7,0.802
rice_curry,8.85,36.7,60.9,0.019
rice_curry,7.63,14.8,37.0,0.012
dairy_based,2.41,15.4,85.8,0.0
rice_curry,1.51,27.4,36.6,0.13
rice_curry,3.16,33.7,42.5,0.027
fried_items,3.98,25.1,47.9,0.0
rice_curry,2.46,30.0,79.5,0.0
raw_salads,9.99,12.0,72.0,0.028
baked_goods,2.3,21.0,30.4,0.646
baked_goods,8.31,12.8,41.0,0.035
rice_curry,1.59,28.7,75.0,0.043
baked_goods,9.8,14.7,54.2,0.0
raw_salads,2.26,16.3,31.6,0.088
rice_curry,4.22,27.1,87.8,0.003
baked_goods,5.59,30.4,39.1,0.0
dairy_based,1.2,23.0,60.6,0.144
baked_goods,8.17,27.4,44.9,0.0
dairy_based,2.75,27.2,74.2,0.0
baked_goods,5.49,22.7,76.6,0.133
dry_snacks,5.5,17.4,53.8,0.424
dairy_based,6.03,27.4,69.5,0.0
rice_curry,0.55,27.7,84.5,0.678
rice_curry,1.69,29.4,78.9,0.0
rice_curry,1.61,25.9,54.9,0.101
dairy_based,3.02,17.0,56.5,0.037
dry_snacks,1.45,28.1,83.2,0.707
baked_goods,9.22,24.0,32.1,0.033
fried_items,5.13,21.1,31.4,0.0
baked_goods,6.24,22.2,42.3,0.043
baked_goods,3.57,19.9,79.7,0.549
dry_snacks,2.76,29.3,39.2,0.463
dry_snacks,5.03,15.5,47.1,0.461
dairy_based,2.94,18.0,67.7,0.0
dairy_based,3.44,22.0,41.1,0.046
rice_curry,4.53,33.7,48.2,0.007
baked_goods,5.06,30.3,58.0,0.035
fried_items,9.84,14.2,43.7,0.028
baked_goods,2.23,32.1,89.5,0.371
dry_snacks,4.88,32.1,39.8,0.0
baked_goods,1.5,17.0,81.0,0.807
rice_curry,3.5,8.9,58.2,0.043
dairy_based,7.17,23.6,37.7,0.002
dairy_based,1.74,30.7,37.1,0.057
baked_goods,5.81,33.5,60.0,0.0
rice_curry,4.17,18.8,51.2,0.0
rice_curry,0.52,34.5,44.1,0.608
dairy_based,9.33,10.6,87.5,0.0
dairy_based,4.14,21.8,57.8,0.061
rice_curry,7.84,21.5,85.7,0.014
rice_curry,4.16,30.9,39.8,0.048
rice_curry,9.37,31.8,41.0,0.027
dairy_based,2.9,29.7,65.8,0.0
dairy_based,4.12,15.9,46.2,0.0
dairy_based,7.59,29.2,41.1,0.045
baked_goods,3.44,27.1,35.7,0.222
rice_curry,3.64,14.0,34.6,0.048
raw_salads,9.95,11.6,75.2,0.005
baked_goods,5.56,30.2,46.9,0.0
rice_curry,6.89,22.9,88.7,0.0
rice_curry,6.43,16.3,41.0,0.014
rice_curry,8.28,22.8,51.3,0.0
rice_curry,8.62,26.2,52.5,0.043
dairy_based,5.63,23.5,60.0,0.042
dry_snacks,2.95,14.7,82.2,0.688
dry_snacks,0.23,35.3,80.1,0.904
dairy_based,6.14,30.0,30.6,0.039
baked_goods,8.25,22.0,54.6,0.0
rice_curry,4.51,22.2,79.7,0.0
raw_salads,1.65,26.2,30.0,0.022
dairy_based,2.88,17.2,62.0,0.0
raw_salads,5.1,25.9,45.6,0.029
rice_curry,8.37,16.0,54.8,0.0
fried_items,1.72,23.6,55.2,0.517
baked_goods,6.12,17.0,53.5,0.264
dry_snacks,7.53,17.3,83.5,0.191
raw_salads,9.36,33.9,62.2,0.024
dairy_based,1.17,24.4,84.2,0.079
dairy_based,9.26,25.2,73.6,0.0
fried_items,6.01,11.9,51.1,0.001
fried_items,7.67,20.4,59.6,0.0
dry_snacks,0.54,26.8,53.4,0.922
raw_salads,5.06,25.2,79.7,0.0
fried_items,6.23,11.1,41.3,0.032
raw_salads,3.07,25.2,86.2,0.0
dairy_based,4.32,26.2,64.8,0.009
fried_items,5.54,31.7,66.7,0.002
dairy_based,5.53,20.1,61.0,0.0
raw_salads,0.42,10.5,63.3,0.82
baked_goods,4.39,18.0,70.1,0.448
raw_salads,2.14,17.4,69.3,0.13
fried_items,9.17,28.4,42.8,0.033
baked_goods,9.77,7.7,64.9,0.51
dairy_based,3.0,21.3,51.3,0.011
dairy_based,1.75,32.6,68.2,0.0
baked_goods,2.2,24.0,62.9,0.64
dry_snacks,4.78,29.4,40.8,0.057
baked_goods,8.75,14.1,74.1,0.0
dry_snacks,5.0,14.4,57.4,0.549
fried_items,0.55,32.6,63.1,0.767
dairy_based,0.4,24.6,70.4,0.728
dairy_based,2.27,24.6,69.2,0.004
dairy_based,8.43,17.3,74.9,0.0
dairy_based,6.21,24.6,42.4,0.0
dairy_based,5.63,17.1,36.6,0.023
dairy_based,3.19,31.1,70.2,0.024
fried_items,9.29,40.0,44.2,0.0
baked_goods,3.31,26.9,36.9,0.362
fried_items,8.35,20.2,37.9,0.0
fried_items,8.96,8.8,48.8,0.0
raw_salads,4.83,13.9,89.5,0.0
raw_salads,8.94,33.3,39.4,0.0
dry_snacks,2.77,17.8,47.9,0.711
baked_goods,6.58,21.8,85.2,0.0
rice_curry,0.88,27.9,87.8,0.467
rice_curry,4.74,32.9,43.7,0.0
baked_goods,2.17,22.8,82.8,0.655
dry_snacks,0.63,21.6,38.3,0.929
raw_salads,0.04,24.4,75.7,0.963
baked_goods,3.25,20.2,30.8,0.567
raw_salads,5.9,20.6,54.4,0.043
baked_goods,4.55,26.5,44.8,0.017
raw_salads,3.02,25.1,72.2,0.0
dry_snacks,9.91,36.8,31.0,0.0
raw_salads,9.4,26.6,57.9,0.023
dry_snacks,1.26,30.9,71.8,0.725
rice_curry,4.15,17.6,32.8,0.0
dry_snacks,6.49,27.2,83.8,0.0
dairy_based,7.33,19.7,51.7,0.042
baked_goods,3.66,26.4,39.9,0.25
rice_curry,7.46,28.1,43.5,0.059
baked_goods,1.24,24.3,50.3,0.786
fried_items,3.32,38.4,41.9,0.001
fried_items,7.16,32.6,60.6,0.0
raw_salads,6.26,31.1,68.0,0.009
dairy_based,8.37,28.6,56.0,0.0
dairy_based,0.47,34.6,55.6,0.428
raw_salads,1.74,15.4,76.9,0.286
fried_items,0.48,32.2,48.1,0.794
fried_items,1.92,18.1,67.4,0.619
rice_curry,0.04,20.6,83.6,0.973
rice_curry,5.04,27.4,43.3,0.003
rice_curry,5.28,31.4,67.2,0.04
rice_curry,6.58,17.1,86.9,0.0
rice_curry,3.85,20.9,61.8,0.076
baked_goods,0.03,24.6,88.6,0.967
dry_snacks,6.74,22.9,48.6,0.161
fried_items,0.54,29.1,63.9,0.767
raw_salads,8.66,40.0,48.7,0.042
baked_goods,0.23,26.5,30.2,0.932
dairy_based,5.3,19.6,89.8,0.0
dry_snacks,8.95,16.2,44.4,0.097
raw_salads,5.72,22.0,88.4,0.0
dry_snacks,6.08,18.4,69.2,0.375
baked_goods,6.82,26.8,84.2,0.0
baked_goods,1.22,26.7,88.0,0.708
rice_curry,6.75,21.2,64.1,0.042
baked_goods,8.8,35.9,90.0,0.0
rice_curry,9.74,19.6,76.0,0.0
rice_curry,4.43,23.3,61.4,0.031
baked_goods,3.45,27.8,69.3,0.196
raw_salads,7.53,29.4,41.7,0.022
rice_curry,5.43,31.7,30.7,0.017
raw_salads,2.57,26.6,45.4,0.018
raw_salads,1.72,30.3,56.1,0.056
baked_goods,1.7,20.0,43.7,0.762
dry_snacks,4.59,29.5,60.8,0.122
rice_curry,1.7,29.4,69.5,0.028
baked_goods,0.2,33.1,69.3,0.914
raw_salads,0.52,14.0,83.6,0.746
baked_goods,9.3,18.6,88.0,0.0
dairy_based,0.73,28.9,83.4,0.295
rice_curry,0.73,8.1,67.2,0.707
raw_salads,4.51,27.0,42.3,0.017
rice_curry,2.45,30.4,86.6,0.0
dairy_based,9.63,20.5,40.5,0.039
raw_salads,9.11,21.4,39.1,0.015
fried_items,4.05,17.6,49.1,0.248
rice_curry,4.49,20.9,64.4,0.016
dry_snacks,3.75,21.0,70.9,0.566
dairy_based,0.38,19.9,30.8,0.787
raw_salads,2.93,19.6,76.7,0.0
dairy_based,1.23,22.4,40.5,0.24
baked_goods,1.02,22.3,47.8,0.878
rice_curry,5.61,35.2,49.3,0.0
baked_goods,0.99,21.6,49.9,0.917
baked_goods,1.03,26.1,75.6,0.816
fried_items,4.81,20.5,32.5,0.0
baked_goods,4.42,20.5,41.8,0.476
fried_items,1.38,13.8,31.3,0.701
dairy_based,0.04,14.6,76.7,0.967
baked_goods,1.93,16.8,89.0,0.691
raw_salads,2.36,25.1,69.6,0.046
raw_salads,8.0,30.5,65.4,0.0
rice_curry,9.15,13.3,84.5,0.0
baked_goods,4.06,20.7,45.3,0.438
dry_snacks,4.05,15.8,34.0,0.635
fried_items,7.12,22.4,60.6,0.028
fried_items,6.27,30.5,45.6,0.004
dairy_based,1.84,21.3,57.1,0.031
raw_salads,1.08,23.7,57.4,0.406
raw_salads,4.38,32.7,49.1,0.013
dry_snacks,5.65,26.7,59.2,0.104
rice_curry,1.39,19.4,52.8,0.53
rice_curry,2.93,25.0,36.8,0.0
raw_salads,3.06,19.0,82.0,0.0
fried_items,2.61,26.5,72.1,0.147
baked_goods,4.61,27.1,32.5,0.019
baked_goods,6.53,15.8,36.9,0.214
baked_goods,5.09,25.1,35.8,0.036
dry_snacks,2.01,23.3,33.7,0.736
dry_snacks,1.03,27.3,33.5,0.833
dairy_based,8.22,29.0,39.4,0.009
dairy_based,4.79,26.9,80.9,0.028
baked_goods,0.62,22.2,79.7,0.897
dry_snacks,2.58,29.6,77.0,0.468
dairy_based,8.04,18.8,66.9,0.009
rice_curry,7.52,16.1,73.4,0.017
rice_curry,8.76,4.8,74.3,0.009
rice_curry,6.02,23.6,83.4,0.0
rice_curry,4.23,19.1,73.9,0.0
fried_items,4.27,26.4,74.2,0.0
dairy_based,1.94,12.2,78.2,0.05
dairy_based,6.51,20.1,63.4,0.01
dairy_based,5.85,26.8,42.8,0.0
baked_goods,1.55,17.8,35.1,0.827
raw_salads,8.86,26.5,55.1,0.058
fried_items,3.68,20.7,35.5,0.257
fried_items,0.5,23.8,40.2,0.892
baked_goods,3.28,27.6,31.4,0.253
baked_goods,8.7,29.7,48.0,0.0
dry_snacks,9.17,24.6,88.2,0.0
raw_salads,4.9,19.1,52.7,0.019
dry_snacks,9.56,21.3,44.5,0.033
dairy_based,8.75,27.8,54.2,0.036
fried_items,8.25,17.9,48.1,0.02
dairy_based,8.6,22.9,70.4,0.0
rice_curry,3.82,21.7,68.1,0.0
raw_salads,7.56,23.4,31.6,0.0
dry_snacks,5.77,17.9,60.7,0.417
rice_curry,7.2,12.9,32.2,0.0
raw_salads,1.78,27.1,70.6,0.042
baked_goods,7.31,29.8,86.1,0.0
dry_snacks,9.58,13.2,84.4,0.012
baked_goods,3.03,26.2,42.3,0.329
raw_salads,9.86,30.5,74.6,0.0
dry_snacks,3.78,27.6,77.6,0.317
dairy_based,2.0,21.5,81.9,0.0
dairy_based,1.12,18.3,45.6,0.411
dry_snacks,7.85,24.5,57.1,0.0
rice_curry,5.55,25.5,43.3,0.0
rice_curry,3.07,24.6,31.5,0.0
rice_curry,6.08,22.9,69.5,0.049
dairy_based,3.32,17.5,55.9,0.005
dairy_based,4.48,26.5,44.9,0.016
rice_curry,8.63,26.8,80.8,0.0
rice_curry,6.68,25.2,59.7,0.0
rice_curry,7.62,24.7,89.7,0.0
baked_goods,5.83,34.1,77.6,0.058
rice_curry,9.91,20.3,82.2,0.0
raw_salads,2.41,31.7,76.4,0.0
fried_items,2.62,19.6,36.4,0.451
baked_goods,0.93,30.7,33.9,0.678
fried_items,5.54,31.4,84.9,0.0
rice_curry,6.13,22.2,38.3,0.071
fried_items,7.26,34.0,53.5,0.018
rice_curry,3.35,26.8,66.6,0.043
dry_snacks,0.12,18.7,42.7,0.977
rice_curry,6.32,21.8,43.5,0.0
rice_curry,9.99,30.8,58.0,0.0
dry_snacks,2.95,29.5,51.7,0.436
dry_snacks,1.84,17.7,70.6,0.813
raw_salads,2.82,23.2,34.5,0.0
fried_items,4.25,25.2,59.3,0.0
dairy_based,2.51,21.0,40.5,0.028
raw_salads,3.47,38.1,66.4,0.0
rice_curry,6.38,25.4,37.0,0.009
dairy_based,3.45,23.6,41.9,0.006
raw_salads,3.96,31.1,78.2,0.0
fried_items,0.4,21.8,44.1,0.879
dairy_based,9.18,30.0,74.2,0.0
rice_curry,4.07,14.0,46.4,0.056
dry_snacks,3.28,21.3,44.1,0.663
dry_snacks,0.86,30.3,47.9,0.855
dry_snacks,6.34,33.4,82.9,0.0
baked_goods,8.64,19.4,53.8,0.0
fried_items,0.41,18.7,44.6,0.951
dairy_based,1.45,27.4,62.2,0.025
baked_goods,1.46,20.3,53.1,0.816
dry_snacks,6.02,22.4,77.4,0.225
rice_curry,9.21,29.3,89.4,0.0
dairy_based,4.38,20.7,61.6,0.024
raw_salads,3.44,12.2,57.1,0.036
fried_items,7.66,16.2,50.6,0.0
raw_salads,7.43,24.1,88.4,0.0
rice_curry,2.47,12.8,59.0,0.215
raw_salads,1.61,22.2,40.7,0.195
dry_snacks,3.58,15.6,88.2,0.667
rice_curry,7.76,33.8,87.7,0.0
fried_items,6.95,37.0,56.1,0.0
dry_snacks,6.66,17.7,50.9,0.335
raw_salads,8.29,25.5,70.8,0.0
raw_salads,2.77,18.2,79.7,0.014
fried_items,3.4,22.1,59.9,0.202
rice_curry,0.42,34.8,49.8,0.682
dry_snacks,8.69,21.2,48.1,0.033
fried_items,5.82,22.3,49.6,0.0
fried_items,2.98,18.3,37.1,0.403
baked_goods,0.69,30.9,76.7,0.789
fried_items,7.23,4.4,36.3,0.465
dry_snacks,7.49,21.3,53.9,0.181
dry_snacks,6.66,23.7,80.1,0.063
baked_goods,2.04,20.0,54.2,0.717
dry_snacks,9.13,29.2,47.7,0.046
raw_salads,7.53,31.2,86.9,0.0
dry_snacks,6.58,15.5,37.6,0.338
baked_goods,6.51,36.6,83.1,0.023
raw_salads,9.04,15.5,33.7,0.0
dairy_based,9.28,31.7,54.8,0.0
dry_snacks,5.96,24.9,67.9,0.098
raw_salads,4.17,21.0,52.2,0.0
rice_curry,3.64,21.5,62.1,0.007
fried_items,8.19,23.8,42.2,0.0
raw_salads,6.45,25.3,64.1,0.0
baked_goods,0.77,18.5,38.1,0.882
dry_snacks,1.42,22.6,77.8,0.786
baked_goods,9.0,19.4,65.0,0.0
dry_snacks,8.84,16.7,58.9,0.123
baked_goods,9.52,19.1,33.3,0.0
fried_items,4.28,17.1,60.0,0.146
rice_curry,7.84,21.5,63.8,0.067
dairy_based,8.28,26.6,45.9,0.0
dry_snacks,3.16,24.7,70.7,0.543
raw_salads,1.45,35.8,34.6,0.022
rice_curry,9.97,10.7,42.5,0.0
rice_curry,0.3,26.8,74.3,0.825
fried_items,5.97,24.0,38.8,0.001
baked_goods,6.5,28.9,44.7,0.006
fried_items,6.82,28.3,69.1,0.0
fried_items,2.56,23.0,73.7,0.306
fried_items,7.22,25.0,33.1,0.001
raw_salads,2.16,19.5,37.6,0.075
dairy_based,8.29,27.7,56.8,0.045
baked_goods,2.19,12.7,65.6,0.785
baked_goods,6.97,28.7,57.2,0.005
raw_salads,7.83,23.9,68.8,0.011
raw_salads,1.89,21.1,75.4,0.18
baked_goods,2.38,22.6,87.0,0.558
rice_curry,7.79,23.0,51.0,0.028
baked_goods,0.86,31.8,39.8,0.753
baked_goods,1.91,40.0,45.8,0.353
rice_curry,4.56,31.3,38.9,0.0
baked_goods,9.3,20.6,53.7,0.027
rice_curry,5.62,27.8,82.4,0.0
fried_items,3.88,28.0,50.8,0.066
baked_goods,9.78,18.4,38.9,0.0
rice_curry,4.64,16.4,61.4,0.034
dairy_based,4.34,23.6,89.5,0.0
baked_goods,4.12,28.8,41.3,0.042
dairy_based,3.12,14.3,76.7,0.0
raw_salads,3.26,19.7,79.4,0.0
dry_snacks,6.88,27.4,54.1,0.0
baked_goods,0.41,24.3,67.2,0.952
baked_goods,6.82,32.5,55.9,0.0
raw_salads,2.01,15.5,45.7,0.23
dry_snacks,3.84,38.1,55.6,0.011
raw_salads,1.47,14.8,35.7,0.45
dairy_based,5.53,11.8,72.4,0.012
dairy_based,7.29,23.6,79.8,0.0
dairy_based,3.55,17.2,48.4,0.018
fried_items,1.63,23.8,64.0,0.536
fried_items,2.27,23.6,43.9,0.421
dairy_based,8.18,22.8,37.6,0.018
dry_snacks,2.68,18.9,69.8,0.741
raw_salads,7.75,26.6,38.0,0.0
rice_curry,3.31,22.1,76.9,0.0
dry_snacks,1.89,30.6,46.3,0.598
fried_items,7.27,22.9,79.1,0.0
dairy_based,4.69,18.2,52.1,0.0
fried_items,0.31,13.9,52.1,0.894
raw_salads,9.6,23.0,75.0,0.0
dry_snacks,1.48,16.4,60.6,0.855
rice_curry,3.53,15.9,42.1,0.016
fried_items,3.85,27.2,81.0,0.0
baked_goods,4.89,13.3,50.4,0.373
fried_items,7.85,32.5,36.2,0.0
dairy_based,0.06,25.0,55.0,0.945
fried_items,9.32,23.7,64.4,0.0
raw_salads,6.46,17.8,66.6,0.0
dairy_based,9.51,28.6,80.1,0.0
raw_salads,8.17,24.0,62.5,0.019
baked_goods,9.28,19.9,43.4,0.0
rice_curry,6.01,25.2,45.7,0.011
rice_curry,3.57,13.9,36.1,0.027
baked_goods,4.43,14.2,74.2,0.442
rice_curry,6.58,17.3,36.4,0.024
dairy_based,4.27,26.1,66.3,0.0
rice_curry,7.32,24.0,65.8,0.0
fried_items,0.92,30.3,77.1,0.643
rice_curry,8.3,18.5,34.5,0.015
fried_items,2.04,27.4,42.2,0.343
raw_salads,9.44,23.3,84.6,0.027
baked_goods,1.56,18.3,64.3,0.81
raw_salads,1.29,26.3,57.5,0.15
dry_snacks,8.12,23.6,74.9,0.0
dairy_based,8.19,20.2,84.2,0.0
rice_curry,7.39,24.3,45.8,0.0
raw_salads,9.61,23.2,84.1,0.0
baked_goods,2.71,23.1,36.5,0.53
rice_curry,8.27,21.5,88.7,0.0
fried_items,3.52,16.2,39.9,0.347
fried_items,5.37,24.4,46.0,0.028
dairy_based,4.46,19.2,35.8,0.0
dairy_based,0.06,17.9,78.2,0.983
dry_snacks,5.74,22.6,89.1,0.26
dairy_based,7.48,28.4,47.8,0.0
dairy_based,1.75,25.1,49.5,0.0
baked_goods,9.32,20.8,46.7,0.0
raw_salads,5.3,20.6,39.3,0.02
baked_goods,1.78,27.8,77.2,0.59
dry_snacks,6.46,9.6,33.6,0.332
raw_salads,1.92,28.8,88.1,0.0
dairy_based,0.64,12.8,85.6,0.666
dairy_based,6.85,15.5,37.1,0.013
raw_salads,1.11,20.9,61.8,0.506
raw_salads,1.06,37.0,89.6,0.0
dry_snacks,7.4,34.1,81.2,0.016
dairy_based,0.55,28.2,72.9,0.515
baked_goods,8.1,26.1,31.3,0.0
fried_items,7.96,12.8,34.1,0.04
rice_curry,1.41,24.9,77.6,0.272
fried_items,5.18,20.7,52.6,0.006
raw_salads,0.97,19.1,70.1,0.638
rice_curry,6.33,24.9,74.4,0.035
baked_goods,0.63,21.2,55.3,0.942
baked_goods,9.44,29.2,38.6,0.007
raw_salads,2.08,12.4,53.2,0.128
rice_curry,6.83,24.5,82.3,0.0
rice_curry,1.28,18.7,49.9,0.599
fried_items,2.1,21.5,33.8,0.556
fried_items,4.51,25.8,87.5,0.0
dairy_based,5.73,17.3,70.8,0.0
baked_goods,9.99,25.0,62.5,0.0
baked_goods,0.26,22.7,79.7,0.921
rice_curry,0.0,20.0,54.7,1.0
baked_goods,3.5,21.2,89.1,0.488
rice_curry,3.66,23.1,81.5,0.0
dairy_based,8.84,19.4,46.8,0.08
dry_snacks,9.13,24.0,52.3,0.0
dairy_based,8.81,22.3,46.5,0.016
raw_salads,1.43,20.3,69.6,0.367
dairy_based,4.12,33.5,68.4,0.0
baked_goods,7.46,26.5,61.4,0.003
dry_snacks,3.13,21.7,88.0,0.632
fried_items,6.63,24.9,58.3,0.0
dairy_based,2.37,17.8,77.0,0.0
baked_goods,3.23,21.4,69.5,0.522
raw_salads,8.6,22.1,61.1,0.0
fried_items,2.51,16.5,32.5,0.518
dry_snacks,9.64,26.3,69.4,0.0
dairy_based,3.06,21.0,68.6,0.004
dry_snacks,0.24,21.9,37.5,0.97
dairy_based,2.55,20.6,77.8,0.0
dry_snacks,1.71,40.0,58.0,0.522
fried_items,5.07,20.0,49.4,0.031
rice_curry,1.13,11.6,79.4,0.647
rice_curry,6.26,14.4,50.6,0.011
dry_snacks,8.75,28.6,67.3,0.033
raw_salads,3.63,32.0,67.1,0.0
raw_salads,1.68,19.9,33.2,0.32
baked_goods,4.0,31.7,55.4,0.036
dry_snacks,7.86,28.4,43.4,0.025
dairy_based,5.91,22.9,42.0,0.0
raw_salads,1.01,22.4,69.3,0.456
fried_items,5.37,25.1,30.7,0.0
dry_snacks,4.68,29.3,88.1,0.05
dry_snacks,3.27,26.4,53.7,0.516
rice_curry,1.1,19.9,47.9,0.656
raw_salads,9.81,23.0,85.2,0.0
rice_curry,1.76,35.9,59.2,0.0
raw_salads,1.93,25.5,66.9,0.0
baked_goods,1.46,29.2,71.8,0.622
raw_salads,5.7,27.2,82.3,0.0
baked_goods,4.44,25.6,37.8,0.166
rice_curry,2.5,24.7,34.9,0.0
baked_goods,4.29,29.4,89.6,0.039
rice_curry,6.74,28.3,30.5,0.0
rice_curry,2.82,25.6,72.5,0.0
rice_curry,9.15,19.8,66.7,0.044
dry_snacks,3.06,26.3,63.2,0.537
dry_snacks,1.98,23.6,77.1,0.708
rice_curry,9.55,22.2,89.5,0.0
dry_snacks,8.11,40.0,32.8,0.012
dairy_based,3.43,14.8,66.9,0.0
dry_snacks,8.41,29.8,73.0,0.0
dry_snacks,5.19,18.8,48.4,0.407
raw_salads,3.47,24.8,83.6,0.0
dry_snacks,8.4,39.4,57.4,0.054
dry_snacks,7.52,18.2,39.9,0.303
dry_snacks,2.98,19.7,81.3,0.673
dry_snacks,6.07,23.9,86.6,0.102
fried_items,3.69,18.9,36.0,0.27
baked_goods,0.01,29.3,75.1,0.996
baked_goods,9.62,20.8,42.9,0.018
fried_items,5.5,27.9,30.4,0.0
dry_snacks,5.98,16.0,45.6,0.496
baked_goods,6.0,13.2,81.3,0.263
dry_snacks,5.51,22.6,38.5,0.299
fried_items,2.9,14.6,37.8,0.398
dairy_based,9.72,33.1,74.3,0.015
raw_salads,6.22,14.8,54.4,0.015
rice_curry,6.71,17.8,38.9,0.003
fried_items,4.55,26.5,43.8,0.014
dairy_based,2.88,20.5,77.7,0.0
fried_items,0.64,14.9,67.4,0.876
raw_salads,3.5,36.2,75.7,0.006
baked_goods,1.76,18.0,35.9,0.79
dairy_based,6.62,22.8,57.5,0.009
dairy_based,8.79,22.7,77.8,0.024
baked_goods,3.03,28.3,45.9,0.261
dairy_based,3.33,26.8,40.2,0.0
rice_curry,6.7,19.0,52.9,0.001
dairy_based,1.49,22.0,50.0,0.079
dry_snacks,9.29,22.6,41.1,0.0
rice_curry,3.64,28.5,87.2,0.011
dairy_based,1.01,17.0,59.0,0.49
baked_goods,1.75,36.1,66.5,0.369
baked_goods,9.33,19.4,37.3,0.0
rice_curry,2.47,23.9,66.6,0.0
dairy_based,6.62,17.0,63.3,0.0
dry_snacks,1.56,16.2,85.9,0.835
baked_goods,1.94,18.8,54.7,0.772
rice_curry,8.79,18.2,76.9,0.0
baked_goods,1.48,21.5,48.3,0.751
raw_salads,0.19,18.1,64.7,0.907
baked_goods,5.01,28.2,85.6,0.0
rice_curry,8.63,19.3,67.5,0.0
raw_salads,3.26,18.6,72.7,0.008
baked_goods,1.28,21.6,82.6,0.803
fried_items,9.82,30.0,85.5,0.0
raw_salads,6.77,25.3,42.5,0.0
raw_salads,8.51,23.4,41.8,0.045
dry_snacks,7.52,15.4,63.0,0.265
raw_salads,6.98,17.1,89.7,0.0
baked_goods,3.85,16.3,59.4,0.537
rice_curry,3.24,31.8,49.9,0.0
rice_curry,7.17,27.2,62.2,0.0
baked_goods,7.17,18.8,33.9,0.086
rice_curry,9.51,20.6,40.6,0.022
dairy_based,5.69,19.0,38.9,0.002
baked_goods,2.95,18.7,31.7,0.628
fried_items,4.9,26.8,73.3,0.0
raw_salads,6.14,22.3,49.5,0.0
dry_snacks,4.27,36.5,40.1,0.043
rice_curry,7.91,31.5,60.7,0.0
raw_salads,5.85,31.9,49.4,0.0
fried_items,0.09,28.0,53.6,0.946
rice_curry,5.7,21.5,48.9,0.038
rice_curry,6.34,27.6,30.2,0.026
dairy_based,9.15,21.9,71.3,0.0
fried_items,4.14,33.8,36.6,0.035
rice_curry,5.74,26.4,43.1,0.0
fried_items,4.75,25.6,41.4,0.0
dairy_based,5.32,24.8,49.9,0.0
fried_items,0.67,34.4,39.6,0.647
dry_snacks,8.97,15.4,50.8,0.063
fried_items,9.1,35.0,44.6,0.023
raw_salads,5.48,22.9,33.7,0.0
dry_snacks,5.57,15.6,82.2,0.44
rice_curry,0.58,19.5,48.3,0.817
baked_goods,5.98,14.1,35.7,0.269
fried_items,4.29,27.9,61.3,0.0
baked_goods,7.09,17.8,37.4,0.088
fried_items,0.47,25.0,76.4,0.859
baked_goods,7.11,30.8,33.7,0.0
fried_items,2.87,20.0,57.9,0.437
dry_snacks,6.52,22.4,86.6,0.124
baked_goods,6.27,16.2,39.5,0.217
dairy_based,2.27,21.7,42.1,0.048
dry_snacks,4.4,39.4,66.0,0.017
dairy_based,8.36,28.7,88.8,0.0
dairy_based,6.06,22.4,53.2,0.025
dry_snacks,0.69,20.3,68.9,0.975
raw_salads,4.43,23.7,39.1,0.084
rice_curry,3.12,24.8,68.5,0.006
rice_curry,6.42,21.5,45.2,0.0
dairy_based,6.15,27.2,66.8,0.006
baked_goods,0.1,18.3,35.3,1.0
baked_goods,6.08,18.2,61.5,0.233
baked_goods,7.35,26.2,44.2,0.031
rice_curry,7.69,17.0,70.9,0.0
raw_salads,0.59,28.4,74.9,0.563
baked_goods,3.04,23.9,80.9,0.376
dairy_based,4.21,13.0,89.5,0.0
fried_items,1.8,24.7,57.6,0.473
dry_snacks,4.21,13.9,70.2,0.558
baked_goods,0.71,28.2,31.1,0.8
raw_salads,1.13,22.5,84.3,0.394
dairy_based,6.69,35.1,66.9,0.003
fried_items,2.63,30.4,55.3,0.0
dairy_based,7.11,17.6,56.1,0.002
dry_snacks,0.48,11.9,75.5,0.958
fried_items,5.63,19.5,80.0,0.0
baked_goods,3.91,16.7,78.5,0.533
raw_salads,7.97,35.0,60.6,0.0
raw_salads,7.84,23.9,52.3,0.058
dairy_based,3.76,29.6,86.7,0.007
raw_salads,6.23,22.3,68.1,0.0
fried_items,2.28,22.9,62.6,0.401
fried_items,5.8,23.8,65.9,0.0
fried_items,0.81,30.6,67.8,0.675
raw_salads,4.35,25.9,72.8,0.02
baked_goods,1.83,17.7,63.2,0.728
dry_snacks,8.83,33.7,82.5,0.0
dry_snacks,4.45,22.2,81.6,0.37
dairy_based,5.91,21.3,56.5,0.0
fried_items,3.6,7.0,40.1,0.755
baked_goods,2.89,27.8,64.6,0.31
dairy_based,2.03,24.6,67.2,0.0
fried_items,9.12,24.6,61.4,0.005
raw_salads,7.99,21.6,83.4,0.018
dairy_based,1.33,20.5,35.6,0.307
dairy_based,7.47,21.8,47.2,0.0
fried_items,4.19,26.8,81.9,0.0
dairy_based,0.15,27.8,86.4,0.839
raw_salads,5.28,22.6,55.6,0.0
raw_salads,1.3,29.7,41.6,0.004
fried_items,2.1,23.5,55.2,0.438
dairy_based,6.96,21.0,57.4,0.0
fried_items,2.57,25.2,61.2,0.272
rice_curry,8.92,15.8,46.5,0.018
dairy_based,6.57,25.4,48.8,0.036
rice_curry,8.32,14.7,69.3,0.018
dry_snacks,6.15,17.8,67.3,0.373
dry_snacks,8.69,11.9,69.7,0.116
fried_items,3.62,22.9,52.6,0.054
dry_snacks,5.49,33.7,50.2,0.02
fried_items,5.16,23.3,51.1,0.0
dairy_based,9.04,27.9,87.1,0.025
dairy_based,1.65,38.1,53.7,0.0
baked_goods,5.78,26.4,66.4,0.0
fried_items,7.54,19.4,61.4,0.0
baked_goods,3.7,20.2,82.6,0.49
baked_goods,8.68,24.0,52.1,0.065
dry_snacks,3.73,20.2,56.0,0.606
rice_curry,1.73,20.7,80.6,0.355
fried_items,5.84,29.9,39.7,0.0
raw_salads,4.21,30.2,65.7,0.0
dry_snacks,0.15,14.1,54.0,0.982
dry_snacks,0.7,19.1,89.1,0.867
raw_salads,1.95,21.2,73.3,0.098
raw_salads,7.69,27.6,30.6,0.018
rice_curry,8.92,30.9,80.4,0.01
dairy_based,5.46,40.0,72.2,0.0
fried_items,1.06,21.2,63.7,0.762
rice_curry,5.34,21.5,44.2,0.0
rice_curry,8.56,27.5,39.0,0.0
dairy_based,7.49,19.9,67.7,0.0
fried_items,2.91,23.2,56.4,0.187
rice_curry,1.24,21.5,81.7,0.482
dairy_based,9.01,8.3,45.7,0.027
rice_curry,8.54,24.7,68.3,0.0
baked_goods,0.54,22.9,44.9,0.903
dry_snacks,8.24,31.6,68.2,0.0
rice_curry,0.97,24.0,32.9,0.583
rice_curry,0.63,16.5,53.5,0.761
raw_salads,7.59,22.5,40.4,0.008
raw_salads,5.36,11.5,66.4,0.0
fried_items,4.15,16.7,49.0,0.173
dry_snacks,9.04,27.8,76.3,0.0
baked_goods,8.39,22.5,36.9,0.002
dairy_based,0.58,29.5,63.4,0.458
raw_salads,6.16,12.2,65.6,0.0
dairy_based,7.72,22.5,31.3,0.052
raw_salads,5.5,21.1,32.2,0.001
baked_goods,9.83,29.7,48.5,0.0
rice_curry,6.86,28.0,66.5,0.013
baked_goods,1.04,27.9,87.8,0.752
rice_curry,1.98,33.2,35.4,0.001
dairy_based,8.26,21.8,72.2,0.0
rice_curry,9.97,32.0,71.6,0.0
baked_goods,0.98,17.7,70.2,0.809
rice_curry,1.0,17.5,61.0,0.714
fried_items,7.63,28.5,88.0,0.0
fried_items,0.64,15.0,60.1,0.9
baked_goods,0.69,27.4,80.3,0.782
raw_salads,8.89,24.6,45.8,0.0
dry_snacks,8.0,30.4,78.4,0.002
raw_salads,8.82,23.6,89.8,0.0
dry_snacks,6.51,24.3,84.6,0.059
fried_items,3.23,27.1,48.2,0.0
dairy_based,9.06,20.0,80.8,0.0
fried_items,2.99,19.8,35.7,0.382
baked_goods,2.76,26.8,70.7,0.373
raw_salads,8.86,23.8,50.5,0.042
dairy_based,6.81,21.6,69.5,0.037
raw_salads,8.96,23.5,54.7,0.0
rice_curry,1.56,33.6,30.5,0.0
rice_curry,9.52,21.3,43.9,0.0
dairy_based,6.13,21.2,32.5,0.01
fried_items,6.68,13.8,55.6,0.0
baked_goods,9.14,23.7,80.4,0.0
baked_goods,3.81,27.9,74.3,0.13
rice_curry,7.2,29.0,77.3,0.0
rice_curry,6.4,24.6,78.4,0.054
raw_salads,7.88,29.7,52.3,0.0
dairy_based,8.97,28.4,60.4,0.049
rice_curry,6.8,30.7,60.5,0.043
raw_salads,0.68,29.9,36.8,0.477
dairy_based,1.83,33.4,65.9,0.0
raw_salads,9.54,23.0,73.2,0.0
raw_salads,9.69,16.0,66.7,0.0
raw_salads,9.67,28.0,74.8,0.0
fried_items,0.37,28.7,37.1,0.831
baked_goods,3.82,33.4,75.7,0.007
raw_salads,7.6,31.7,42.5,0.03
rice_curry,7.53,35.7,82.6,0.012
dry_snacks,0.86,27.7,44.7,0.836
rice_curry,6.09,25.4,59.5,0.0
fried_items,1.43,15.7,59.2,0.725
fried_items,4.93,25.8,46.1,0.053
dry_snacks,2.4,20.7,51.7,0.746
fried_items,0.53,25.3,41.1,0.851
rice_curry,0.8,24.3,64.2,0.607
fried_items,9.11,26.8,84.8,0.0
fried_items,7.45,23.4,49.0,0.02
fried_items,9.32,29.6,60.5,0.0
dairy_based,4.7,7.7,81.7,0.05
dairy_based,4.13,25.1,57.1,0.015
baked_goods,3.58,31.2,79.9,0.04
baked_goods,6.16,35.2,56.8,0.017
baked_goods,3.52,28.4,56.4,0.166
dairy_based,7.46,34.1,39.4,0.0
dairy_based,8.01,25.0,37.5,0.0
rice_curry,8.76,24.0,66.7,0.0
fried_items,2.43,27.2,79.6,0.131
dry_snacks,5.27,24.0,38.1,0.27
dairy_based,2.23,19.3,84.6,0.003
rice_curry,0.38,20.9,51.5,0.899
fried_items,7.08,17.3,55.5,0.042
raw_salads,5.49,27.2,83.7,0.0
raw_salads,7.24,24.1,83.8,0.0
dairy_based,0.88,21.8,61.5,0.471
dry_snacks,9.96,20.6,46.6,0.002
rice_curry,9.94,27.0,40.3,0.0
dry_snacks,4.65,28.7,46.3,0.115
baked_goods,8.66,17.2,76.8,0.0
raw_salads,2.44,16.3,49.5,0.04
fried_items,7.38,29.7,71.7,0.0
rice_curry,8.79,15.7,41.7,0.07
dry_snacks,8.15,27.3,58.7,0.001
raw_salads,8.12,33.7,51.1,0.032
rice_curry,4.63,33.7,60.2,0.0
dry_snacks,8.2,28.4,64.2,0.013
rice_curry,6.91,28.3,89.5,0.0
rice_curry,1.32,37.5,84.0,0.002
fried_items,1.14,10.0,71.8,0.754
raw_salads,7.72,21.2,39.2,0.047
rice_curry,6.25,29.1,85.1,0.0
baked_goods,5.19,22.0,83.6,0.227
dry_snacks,9.07,31.4,83.2,0.0
dry_snacks,6.6,23.8,58.7,0.062
dry_snacks,3.96,24.8,40.2,0.473
raw_salads,4.14,22.4,75.3,0.04
fried_items,6.05,20.9,53.3,0.0
baked_goods,7.6,20.7,50.7,0.005
dry_snacks,5.64,25.6,53.4,0.139
dry_snacks,5.09,19.4,63.5,0.501
raw_salads,7.27,29.7,50.0,0.045
dry_snacks,7.05,27.9,71.4,0.028
dry_snacks,8.3,30.6,68.9,0.0
fried_items,0.63,17.2,60.5,0.943
fried_items,7.55,13.8,33.2,0.028
rice_curry,5.14,24.0,86.2,0.0
dairy_based,0.75,40.0,54.7,0.0
baked_goods,6.79,31.6,57.0,0.037
dairy_based,7.17,20.7,57.4,0.0
dairy_based,5.24,26.5,51.9,0.0
dry_snacks,7.94,28.4,70.5,0.0
dairy_based,3.0,15.8,30.8,0.011
baked_goods,2.02,32.2,82.4,0.411
fried_items,3.51,23.0,36.1,0.049
raw_salads,4.1,23.5,90.0,0.005
dry_snacks,6.96,24.1,67.7,0.0
dry_snacks,8.46,30.9,34.0,0.061
fried_items,7.21,19.5,63.7,0.005
rice_curry,1.74,13.8,49.9,0.458
fried_items,3.66,25.9,87.2,0.0
raw_salads,1.58,11.7,75.3,0.39
dairy_based,6.87,22.2,60.4,0.017
fried_items,2.48,31.1,55.8,0.007
baked_goods,5.25,27.5,89.8,0.003
dry_snacks,7.92,30.3,70.0,0.065
raw_salads,6.71,27.7,60.8,0.0
rice_curry,2.98,38.5,53.9,0.024
baked_goods,3.33,20.5,49.5,0.564
fried_items,6.53,26.4,72.3,0.003
dry_snacks,5.49,21.4,65.3,0.371
baked_goods,0.96,29.7,80.9,0.677
rice_curry,8.74,23.6,63.2,0.0
fried_items,5.13,34.3,64.9,0.025
raw_salads,4.73,20.8,58.6,0.0
raw_salads,1.98,32.4,75.8,0.012
raw_salads,3.77,27.6,54.9,0.006
dairy_based,3.33,23.8,81.1,0.0
fried_items,2.71,27.3,49.6,0.093
rice_curry,5.67,25.6,71.6,0.009
raw_salads,4.62,26.1,83.6,0.0
dairy_based,8.89,22.8,76.1,0.014
baked_goods,9.41,19.8,50.6,0.006
dairy_based,2.19,22.0,72.4,0.0
baked_goods,1.0,13.9,42.4,0.864
rice_curry,7.85,29.1,33.5,0.0
baked_goods,9.95,16.6,77.5,0.002
dry_snacks,8.64,22.7,78.5,0.008
dry_snacks,0.24,27.9,31.4,0.986
dairy_based,2.51,29.0,86.9,0.0
dairy_based,0.43,13.4,56.8,0.812
baked_goods,8.21,23.4,84.3,0.0
dairy_based,5.81,26.8,77.3,0.0
dry_snacks,5.14,24.3,84.0,0.198
rice_curry,5.54,32.1,80.0,0.0
dairy_based,2.52,19.1,88.4,0.02
fried_items,6.02,11.7,67.7,0.025
fried_items,0.31,28.9,43.6,0.904
rice_curry,6.46,20.8,53.4,0.0
fried_items,7.34,13.4,75.1,0.0
fried_items,6.73,23.0,39.4,0.006
baked_goods,3.32,31.4,85.8,0.12
fried_items,8.26,16.4,42.3,0.012
baked_goods,7.16,38.0,82.6,0.0
rice_curry,1.28,19.0,59.0,0.575
baked_goods,1.95,24.5,80.4,0.568
dry_snacks,6.37,16.7,87.5,0.36
dry_snacks,2.89,24.2,55.3,0.567
raw_salads,1.19,23.2,71.8,0.321
dairy_based,1.55,15.1,43.6,0.25
fried_items,1.66,40.0,78.0,0.005
fried_items,4.78,21.0,79.2,0.0
baked_goods,6.07,21.0,47.7,0.228
rice_curry,1.76,29.8,31.4,0.019
rice_curry,7.12,34.9,55.9,0.0
dry_snacks,2.81,30.8,40.2,0.432
raw_salads,3.12,16.8,79.1,0.0
rice_curry,2.23,25.3,45.7,0.038
fried_items,7.85,12.7,86.6,0.0
dairy_based,9.6,29.4,88.3,0.0
dry_snacks,4.92,14.2,84.5,0.44
dairy_based,0.42,19.2,66.0,0.786
dry_snacks,2.61,24.0,46.0,0.634
rice_curry,1.58,26.7,78.4,0.073
dry_snacks,8.43,22.4,72.1,0.0
baked_goods,0.85,33.1,88.6,0.739
fried_items,9.66,28.3,52.6,0.0
raw_salads,5.89,27.9,33.5,0.0
dairy_based,5.18,16.6,89.9,0.0
rice_curry,8.47,34.2,80.3,0.0
fried_items,0.28,19.2,43.3,0.951
raw_salads,7.77,34.4,73.5,0.0
fried_items,1.17,36.1,30.0,0.378
dry_snacks,8.41,27.1,63.5,0.0
rice_curry,5.29,30.2,51.8,0.002
raw_salads,0.61,5.5,52.9,0.931
fried_items,8.33,22.8,44.7,0.008
raw_salads,0.27,30.6,46.5,0.817
fried_items,1.38,29.5,57.3,0.493
dry_snacks,7.98,16.7,44.9,0.247
raw_salads,4.65,22.2,58.0,0.041
baked_goods,8.81,8.8,64.6,0.042
baked_goods,6.35,26.5,72.7,0.0
raw_salads,6.24,12.7,70.6,0.009
rice_curry,2.92,30.8,44.5,0.037
raw_salads,1.34,31.1,32.4,0.042
rice_curry,9.61,21.2,80.0,0.0
raw_salads,1.05,27.1,82.3,0.279
rice_curry,5.29,22.7,88.7,0.0
fried_items,2.73,25.5,87.6,0.186
baked_goods,2.64,17.1,68.0,0.62
dry_snacks,5.95,27.7,83.7,0.0
dry_snacks,7.98,14.2,56.9,0.148
raw_salads,7.77,13.0,77.2,0.0
dry_snacks,8.69,23.3,87.3,0.041
fried_items,2.93,22.7,77.8,0.235
raw_salads,4.66,25.6,54.9,0.003
fried_items,0.09,20.1,52.7,0.998
dairy_based,7.47,35.3,47.5,0.0
dairy_based,3.02,25.0,52.0,0.011
fried_items,5.61,25.4,79.2,0.0
fried_items,1.69,25.2,72.1,0.448
fried_items,8.19,30.0,45.0,0.0
dry_snacks,8.17,27.5,72.7,0.01
fried_items,8.77,26.7,52.8,0.028
baked_goods,0.46,28.4,63.5,0.93
baked_goods,9.92,13.1,52.2,0.01
dry_snacks,2.48,13.3,61.3,0.762
baked_goods,3.09,23.5,73.8,0.485
baked_goods,2.49,22.8,73.9,0.569
rice_curry,2.68,27.5,75.2,0.0
raw_salads,5.53,24.1,53.5,0.0
fried_items,2.4,27.5,71.4,0.111
dairy_based,3.94,16.5,44.3,0.012
baked_goods,6.56,23.9,58.6,0.031
fried_items,8.36,16.0,65.0,0.0
fried_items,6.93,26.3,71.2,0.002
rice_curry,5.94,12.7,84.7,0.0
raw_salads,1.48,26.1,48.3,0.019
raw_salads,8.16,15.2,80.7,0.041
dry_snacks,0.37,21.7,48.7,0.926
baked_goods,2.64,29.4,63.1,0.319
dry_snacks,0.57,25.4,79.7,0.899
dairy_based,6.67,14.1,73.4,0.0
raw_salads,3.68,20.0,81.8,0.0
rice_curry,6.52,15.0,78.9,0.041
dairy_based,3.47,13.8,46.6,0.0
rice_curry,4.56,24.7,89.6,0.0
baked_goods,4.58,27.4,86.2,0.028
dairy_based,0.46,26.6,55.8,0.649
fried_items,4.3,27.6,32.8,0.024
raw_salads,6.41,23.9,48.2,0.0
fried_items,5.46,22.4,80.2,0.014
baked_goods,0.75,17.6,87.1,0.903
dry_snacks,6.68,21.4,79.9,0.227
rice_curry,3.09,16.1,53.8,0.0
raw_salads,0.14,18.9,33.4,0.945
raw_salads,1.56,24.5,61.1,0.144
fried_items,4.98,23.3,52.6,0.0
dairy_based,3.1,40.0,37.4,0.0
rice_curry,6.94,15.9,36.4,0.0
raw_salads,2.41,23.2,39.2,0.0
baked_goods,7.73,15.5,42.3,0.034
rice_curry,2.86,21.7,75.2,0.014
fried_items,6.21,21.9,52.9,0.014
fried_items,7.99,29.1,56.2,0.002
dairy_based,3.86,21.3,65.9,0.002
raw_salads,0.47,22.9,87.6,0.75
dry_snacks,5.35,21.4,75.4,0.323
rice_curry,9.95,15.6,68.7,0.023
dry_snacks,9.69,20.1,74.6,0.0
baked_goods,2.21,21.7,73.2,0.65
fried_items,7.56,24.4,71.4,0.0
raw_salads,3.45,27.4,59.8,0.0
fried_items,1.6,22.6,64.0,0.607
dry_snacks,6.66,22.5,57.7,0.173
dairy_based,5.01,13.7,53.7,0.0
dry_snacks,5.39,27.2,46.2,0.116
baked_goods,8.27,19.8,51.3,0.021
baked_goods,3.37,28.5,55.7,0.232
raw_salads,6.67,31.9,64.8,0.016
dairy_based,3.66,22.9,60.0,0.0
rice_curry,0.43,17.9,36.5,0.923
dry_snacks,3.78,23.9,50.4,0.442
dairy_based,9.5,26.1,52.6,0.003
dairy_based,4.83,22.1,72.4,0.0
baked_goods,1.08,20.6,50.0,0.847
baked_goods,6.88,27.4,30.5,0.0
dry_snacks,9.63,27.0,35.1,0.0
rice_curry,9.08,21.9,59.8,0.036
fried_items,5.72,14.1,41.3,0.0
dairy_based,3.76,26.7,59.7,0.03
dry_snacks,5.81,19.4,64.5,0.434
raw_salads,8.16,25.3,86.0,0.0
baked_goods,8.61,24.9,69.3,0.007
fried_items,8.19,12.7,31.9,0.0
