distance_km,eta_minutes,spare_capacity_ratio,ngo_acceptance_track_record,accepted
7.21,17.6,0.245,0.472,0
7.01,16.9,0.573,0.519,1
7.15,18.6,0.611,0.878,0
0.84,3.0,0.549,0.546,1
0.26,3.0,0.869,0.531,1
4.36,9.5,0.605,0.797,1
4.23,13.0,0.508,0.635,1
9.37,22.5,0.123,0.893,1
0.24,3.0,0.703,0.777,1
3.14,11.7,0.132,0.57,1
0.21,3.0,0.027,0.753,1
3.27,10.6,0.489,0.911,1
5.19,13.1,0.572,0.615,0
1.16,3.7,0.999,0.835,1
3.69,9.4,0.712,0.645,1
0.46,3.0,0.849,0.72,1
0.27,3.0,0.346,0.833,1
0.95,3.0,0.509,0.436,1
2.7,5.5,0.974,0.668,1
1.24,3.3,0.417,0.456,1
3.74,8.9,0.807,0.828,1
0.67,3.1,0.526,0.759,1
5.51,16.4,0.224,0.593,0
3.68,7.3,0.58,0.445,1
1.97,3.5,0.218,0.946,1
1.25,3.0,0.003,0.586,1
1.36,7.5,0.236,0.562,1
0.23,3.0,0.193,0.46,1
0.54,3.0,0.371,0.741,1
2.06,3.0,0.889,0.557,1
1.17,3.0,0.388,0.897,1
3.79,10.5,0.845,0.803,1
2.13,4.8,0.556,0.402,1
0.71,3.9,0.008,0.734,1
1.38,8.1,0.189,0.537,1
1.92,3.0,0.931,0.409,1
1.03,3.0,0.604,0.765,1
0.97,3.0,0.93,0.521,1
2.64,9.8,0.31,0.931,1
0.89,4.3,0.717,0.738,1
4.0,9.7,0.772,0.523,1
4.17,10.5,0.976,0.978,1
3.25,6.5,0.018,0.722,1
0.22,3.0,0.952,0.498,1
3.4,7.7,0.392,0.705,1
4.06,9.6,0.838,0.966,1
3.37,9.6,0.545,0.65,0
0.84,3.0,0.565,0.651,1
0.96,3.0,0.359,0.672,1
0.5,3.0,0.828,0.565,1
1.06,4.2,0.264,0.495,1
0.1,3.5,0.492,0.742,1
0.5,3.0,0.56,0.928,1
3.95,11.5,0.743,0.834,1
11.99,29.6,0.472,0.457,0
1.69,3.0,0.68,0.637,1
0.85,3.4,0.485,0.403,1
1.19,3.3,0.659,0.582,1
1.08,3.0,0.674,0.795,1
0.39,3.0,0.709,0.571,1
3.25,8.0,0.823,0.896,1
4.13,9.3,0.541,0.682,1
4.52,14.3,0.193,0.795,1
15.93,40.8,0.68,0.921,0
6.32,18.5,0.077,0.803,1
4.93,12.9,0.219,0.929,1
3.13,8.0,0.792,0.877,1
1.78,3.0,0.435,0.735,1
0.13,3.0,0.498,0.575,1
2.87,7.2,0.987,0.576,1
1.86,3.0,0.235,0.916,0
4.52,10.2,0.02,0.432,1
6.08,14.6,0.111,0.955,0
1.0,3.3,0.245,0.593,1
0.15,3.0,0.726,0.836,1
2.77,5.8,0.776,0.595,1
7.66,20.1,0.565,0.962,1
2.46,5.8,0.255,0.422,0
6.39,10.2,0.522,0.608,1
2.26,4.7,0.015,0.912,1
3.94,12.0,0.682,0.562,1
0.87,3.0,0.614,0.563,1
0.4,3.0,0.022,0.93,1
0.43,4.2,0.817,0.89,1
0.35,3.0,0.763,0.462,1
0.16,3.0,0.308,0.742,1
5.15,10.3,0.635,0.532,1
1.35,6.6,0.601,0.527,1
1.16,3.0,0.143,0.763,1
2.8,7.1,0.193,0.473,1
0.56,4.1,0.683,0.677,1
5.75,15.7,0.934,0.551,1
3.88,7.9,0.576,0.904,1
0.99,3.0,0.568,0.727,1
0.6,3.0,0.647,0.527,1
1.59,3.0,0.441,0.947,1
0.91,3.0,0.054,0.886,1
0.23,3.0,0.397,0.557,1
1.51,3.0,0.9,0.967,1
6.76,20.1,0.805,0.558,1
3.03,7.9,0.927,0.573,1
9.25,21.3,0.153,0.628,0
6.14,14.0,0.506,0.497,1
3.35,4.6,0.585,0.805,0
5.55,11.7,0.21,0.729,1
2.18,7.5,0.201,0.928,1
3.2,12.5,0.782,0.542,1
1.14,4.3,0.672,0.5,1
0.66,3.0,0.647,0.612,1
6.43,15.2,0.267,0.486,0
0.42,3.0,0.507,0.958,1
0.56,5.5,0.023,0.823,0
0.93,3.0,0.13,0.87,1
2.9,11.5,0.518,0.841,1
1.24,5.9,0.31,0.543,1
2.05,3.0,0.966,0.483,1
6.48,14.9,0.471,0.653,1
4.63,10.2,0.084,0.889,1
3.51,8.6,0.018,0.595,0
0.51,3.0,0.725,0.406,1
3.57,14.9,0.172,0.789,1
1.36,3.0,0.188,0.518,1
0.37,3.0,0.424,0.72,1
1.2,4.2,0.264,0.409,1
0.21,3.0,0.617,0.7,1
2.75,7.1,0.486,0.632,1
2.92,5.2,0.111,0.919,1
0.88,3.0,0.785,0.826,1
0.14,3.0,0.426,0.421,0
8.19,21.1,0.611,0.866,1
2.42,7.2,0.004,0.867,1
4.46,14.0,0.626,0.791,1
1.06,4.5,0.283,0.948,1
5.03,12.7,0.494,0.874,1
4.92,10.0,0.298,0.529,1
0.28,3.0,0.996,0.625,1
16.29,40.3,0.231,0.606,0
2.02,5.6,0.913,0.698,1
4.19,9.5,0.918,0.963,1
0.73,3.0,0.421,0.763,1
2.95,5.0,0.304,0.585,1
0.86,3.0,0.381,0.955,1
4.84,11.6,0.989,0.813,1
1.39,3.0,0.619,0.557,1
2.34,3.8,0.545,0.935,1
1.58,3.2,0.036,0.603,1
2.26,3.0,0.848,0.705,1
1.42,4.3,0.084,0.683,1
1.84,6.1,0.047,0.945,1
0.1,3.0,0.275,0.557,1
4.76,11.0,0.476,0.597,0
7.53,19.9,0.895,0.789,1
1.74,3.0,0.79,0.923,1
10.21,24.0,0.198,0.468,0
0.5,3.7,0.372,0.524,1
8.35,22.7,0.78,0.959,1
1.09,3.9,0.527,0.859,1
2.01,6.9,0.174,0.604,1
7.31,14.3,0.396,0.611,0
0.38,3.7,0.626,0.677,1
0.57,3.0,0.973,0.798,1
4.03,12.1,0.662,0.731,1
2.95,8.1,0.016,0.858,1
0.86,3.0,0.705,0.432,1
1.33,3.0,0.251,0.883,1
2.25,6.4,0.862,0.434,1
5.7,13.6,0.384,0.92,1
1.07,4.4,0.2,0.426,1
2.3,3.0,0.468,0.475,1
1.06,3.0,0.255,0.506,1
0.91,6.4,0.236,0.532,1
6.4,14.7,0.573,0.637,1
1.67,3.7,0.767,0.787,1
4.02,8.3,0.835,0.927,1
0.91,3.0,0.398,0.709,1
0.56,3.0,0.067,0.714,1
3.43,8.2,0.484,0.588,1
4.25,12.3,0.434,0.872,1
2.85,5.7,0.197,0.465,1
3.56,10.5,0.896,0.578,1
3.06,9.3,0.974,0.457,1
3.28,10.3,0.052,0.526,0
6.76,17.2,0.796,0.746,1
8.47,27.7,0.646,0.474,1
1.99,7.1,0.261,0.459,1
0.27,3.0,0.635,0.887,1
4.21,8.8,0.129,0.47,1
2.54,6.2,0.069,0.759,1
7.32,21.2,0.993,0.608,1
3.13,11.3,0.636,0.929,1
0.42,4.0,0.253,0.817,1
3.15,9.4,0.45,0.435,1
1.72,3.0,0.95,0.928,1
0.35,3.0,0.439,0.644,1
0.82,3.0,0.9,0.576,1
10.43,23.1,0.869,0.797,1
1.21,3.5,0.344,0.824,1
0.77,3.0,0.696,0.579,1
1.33,5.1,0.66,0.607,1
6.2,16.5,0.771,0.492,1
3.27,9.2,0.366,0.75,1
0.59,3.0,0.052,0.965,1
0.1,3.0,0.171,0.646,1
1.31,3.0,0.617,0.988,1
0.45,3.0,0.775,0.504,1
6.2,17.0,0.756,0.87,1
0.32,3.0,0.584,0.948,1
2.05,6.9,0.085,0.806,1
3.05,9.8,0.017,0.465,0
8.61,20.3,0.782,0.593,0
0.87,3.4,0.549,0.451,1
5.21,11.7,0.783,0.755,1
2.29,3.0,0.163,0.989,1
5.19,13.2,0.407,0.621,0
1.07,3.0,0.919,0.496,1
1.0,3.0,0.172,0.558,1
0.76,5.8,0.062,0.737,1
3.13,4.8,0.653,0.736,1
1.95,5.6,0.595,0.536,0
2.6,4.5,0.952,0.843,1
3.85,11.4,0.906,0.452,1
3.46,9.3,0.749,0.768,1
3.14,8.6,0.019,0.651,1
4.2,8.6,0.48,0.475,0
0.1,3.0,0.896,0.774,1
4.51,13.1,0.434,0.797,0
3.9,13.3,0.962,0.66,0
1.32,4.3,0.652,0.871,1
0.72,3.0,0.109,0.7,0
2.13,6.0,0.509,0.569,1
6.08,20.0,0.696,0.963,1
0.98,3.0,0.065,0.957,1
4.3,13.7,0.345,0.456,1
8.91,20.8,0.717,0.958,1
1.2,3.0,0.157,0.858,1
12.91,33.5,0.348,0.463,0
0.18,3.0,0.69,0.706,1
0.11,3.0,0.776,0.421,1
5.57,12.3,0.519,0.747,1
1.94,6.8,0.957,0.951,1
1.82,6.9,0.925,0.617,1
5.88,17.7,0.473,0.7,1
7.42,22.2,0.16,0.534,0
2.47,6.5,0.773,0.719,1
6.32,15.2,0.243,0.874,0
3.03,10.3,0.843,0.527,1
1.5,5.2,0.587,0.727,1
0.73,3.0,0.394,0.609,1
4.13,8.3,0.556,0.841,1
6.42,17.0,0.533,0.814,1
8.01,19.7,0.925,0.812,1
0.91,3.0,0.214,0.623,1
3.08,9.8,0.928,0.754,1
1.54,5.4,0.031,0.784,1
5.14,15.5,0.769,0.802,1
0.66,3.0,0.92,0.739,1
0.18,3.0,0.394,0.911,1
1.08,4.1,0.073,0.547,1
0.21,3.0,0.805,0.433,1
1.41,3.0,0.843,0.968,1
1.46,3.0,0.336,0.436,1
0.34,3.0,0.519,0.933,1
9.26,26.4,0.809,0.761,0
0.91,6.3,0.192,0.942,1
3.59,7.3,0.629,0.733,1
0.6,3.0,0.431,0.884,1
1.53,4.9,0.174,0.826,1
0.27,3.0,0.831,0.71,1
0.35,3.0,0.325,0.614,1
0.1,3.0,0.934,0.402,1
4.85,15.5,0.569,0.548,1
1.07,4.9,0.515,0.962,1
2.08,3.1,0.423,0.563,1
2.61,8.1,0.401,0.844,1
0.54,3.1,0.818,0.7,1
8.8,22.6,0.678,0.582,0
1.64,6.4,0.774,0.985,1
0.23,3.0,0.421,0.428,1
0.32,3.0,0.261,0.743,1
1.49,4.0,0.087,0.672,1
0.38,3.0,0.777,0.445,1
0.98,3.0,0.415,0.526,1
2.23,4.2,0.509,0.81,0
0.12,3.0,0.469,0.464,1
1.08,5.6,0.431,0.873,1
4.71,12.8,0.684,0.769,1
0.22,3.0,0.609,0.46,1
2.91,6.1,0.972,0.569,1
0.15,3.0,0.139,0.481,1
8.03,22.1,0.574,0.871,1
0.76,3.0,0.063,0.714,1
0.74,3.0,0.808,0.402,1
3.27,9.9,0.616,0.72,1
6.78,13.1,0.428,0.685,1
9.56,23.8,0.802,0.779,1
4.15,9.5,0.455,0.421,1
5.18,12.7,0.228,0.421,1
3.29,7.2,0.473,0.606,1
0.58,3.0,0.071,0.806,1
3.5,12.6,0.898,0.793,1
0.5,3.0,0.731,0.564,0
2.97,8.0,0.76,0.527,1
2.3,9.7,0.874,0.803,1
1.07,3.0,0.792,0.416,1
2.13,9.0,0.432,0.729,0
2.71,6.8,0.119,0.65,1
0.7,5.3,0.373,0.541,1
1.25,4.6,0.934,0.707,1
1.27,3.8,0.949,0.528,1
0.34,3.0,0.768,0.733,1
0.87,3.0,0.204,0.488,1
3.08,7.8,0.194,0.639,1
3.59,10.8,0.88,0.701,1
1.72,4.3,0.142,0.419,1
1.8,3.9,0.584,0.76,1
1.19,3.0,0.378,0.843,1
3.5,10.7,0.302,0.964,0
1.22,5.5,0.677,0.52,1
2.87,5.9,0.96,0.523,1
1.92,3.5,0.778,0.58,1
1.8,5.3,0.486,0.926,1
8.62,24.6,0.441,0.64,0
6.43,18.4,0.908,0.578,1
2.86,4.7,0.578,0.837,1
3.58,8.4,0.497,0.422,1
0.44,3.0,0.683,0.724,1
1.39,3.0,0.237,0.666,1
3.91,13.0,0.064,0.769,1
3.07,4.8,0.855,0.831,1
0.71,3.0,0.607,0.592,1
9.32,21.6,0.165,0.775,0
0.12,3.0,0.298,0.709,1
3.34,9.6,0.99,0.479,1
0.29,3.0,0.634,0.92,1
7.37,20.8,0.636,0.845,1
0.26,3.0,0.072,0.944,1
4.65,14.0,0.969,0.825,1
0.54,3.0,0.893,0.544,1
13.62,35.5,0.548,0.654,0
1.73,3.0,0.309,0.628,1
3.52,8.8,0.698,0.421,1
2.94,7.8,0.833,0.642,1
2.01,7.3,0.786,0.604,1
4.33,7.6,0.977,0.402,1
2.22,5.6,0.637,0.9,1
8.22,18.4,0.321,0.485,1
0.18,3.0,0.498,0.696,1
16.08,41.7,0.816,0.863,0
2.48,8.8,0.265,0.757,1
0.88,3.0,0.231,0.5,1
1.76,6.3,0.725,0.765,1
3.73,12.0,0.444,0.847,1
2.99,4.2,0.817,0.904,1
6.26,16.9,0.144,0.588,1
6.83,19.0,0.336,0.42,1
2.84,6.6,0.268,0.759,1
4.72,9.4,0.698,0.533,1
2.02,6.9,0.759,0.861,1
0.35,3.0,0.456,0.801,1
1.63,3.7,0.478,0.856,1
0.88,3.0,0.132,0.971,1
5.92,16.2,0.702,0.745,1
0.69,3.0,0.992,0.934,1
3.82,8.2,0.778,0.779,1
6.82,17.2,0.223,0.507,1
0.4,3.0,0.623,0.872,1
2.85,11.7,0.295,0.809,1
7.83,16.5,0.03,0.977,1
1.55,4.5,0.18,0.544,0
1.48,3.0,0.103,0.597,1
1.99,7.0,0.196,0.885,0
0.62,3.0,0.796,0.437,1
0.54,3.0,0.293,0.774,1
9.32,22.1,0.757,0.716,1
7.2,17.9,0.949,0.5,1
1.77,5.1,0.574,0.497,1
0.97,3.4,0.485,0.878,1
4.03,10.1,0.75,0.409,1
13.04,29.9,0.097,0.841,0
6.5,17.7,0.428,0.832,0
1.46,3.5,0.499,0.783,1
1.99,7.3,0.831,0.642,1
3.29,6.8,0.814,0.417,1
2.25,3.0,0.848,0.873,1
0.97,3.0,0.698,0.474,1
0.96,5.0,0.531,0.566,1
3.25,8.4,0.828,0.959,1
10.48,25.8,0.873,0.578,0
0.58,3.0,0.48,0.551,1
3.57,12.4,0.986,0.974,1
7.87,17.6,0.875,0.451,0
0.1,3.0,0.51,0.495,1
1.65,5.3,0.069,0.659,1
4.04,6.4,0.224,0.865,1
6.82,19.6,0.776,0.922,0
8.45,22.4,0.111,0.846,0
1.0,4.3,0.47,0.976,1
0.21,3.0,0.605,0.41,1
1.02,3.0,0.878,0.766,1
2.43,3.9,0.847,0.469,1
0.79,3.0,0.764,0.937,1
1.29,3.0,0.408,0.952,1
4.26,11.6,0.142,0.579,0
0.1,3.0,0.67,0.888,1
5.33,16.3,0.181,0.772,1
0.1,3.0,0.561,0.459,1
2.87,9.0,0.981,0.756,1
0.18,3.0,0.55,0.976,1
0.96,3.0,0.646,0.582,1
1.75,5.3,0.678,0.401,1
6.53,15.5,0.83,0.976,1
0.65,3.0,0.435,0.644,0
11.66,27.0,0.498,0.654,0
6.53,14.6,0.176,0.82,0
0.24,3.0,0.615,0.757,1
0.1,3.0,0.296,0.578,1
0.51,3.0,0.508,0.459,1
2.92,8.7,0.767,0.888,1
18.51,45.2,0.018,0.685,0
1.07,3.0,0.564,0.797,1
4.19,13.3,0.173,0.908,1
0.25,3.0,0.279,0.41,1
4.68,13.3,0.035,0.907,1
5.96,18.7,0.169,0.844,0
6.65,15.2,0.987,0.959,1
6.75,14.9,0.999,0.538,1
4.94,10.9,0.72,0.59,1
0.25,3.0,0.612,0.79,1
2.47,3.0,0.777,0.946,1
1.31,3.0,0.897,0.986,1
1.41,3.0,0.519,0.646,1
6.7,18.3,0.035,0.718,1
6.47,16.9,0.709,0.501,1
3.51,7.6,0.985,0.809,1
0.75,3.1,0.258,0.894,1
3.31,9.7,0.463,0.871,1
0.86,3.0,0.361,0.604,1
4.45,10.1,0.39,0.968,1
0.58,3.0,0.721,0.471,1
3.55,6.7,0.378,0.691,1
1.43,3.0,0.941,0.727,1
0.28,3.0,0.79,0.717,1
4.14,8.5,0.028,0.847,1
0.38,3.0,0.819,0.76,1
12.82,29.6,0.773,0.446,0
1.98,5.3,0.516,0.506,1
1.07,3.5,0.497,0.714,1
0.6,3.0,0.836,0.81,1
2.19,5.5,0.425,0.703,1
4.17,7.4,0.159,0.61,1
5.33,12.1,0.313,0.43,1
2.64,5.8,0.265,0.864,1
10.16,24.6,0.681,0.693,0
4.65,11.8,0.179,0.718,1
0.54,4.2,0.645,0.677,1
9.71,25.9,0.466,0.557,0
1.21,3.0,0.84,0.563,1
10.2,26.9,0.485,0.437,1
0.93,3.6,0.93,0.817,1
1.58,3.0,0.9,0.56,0
3.44,10.3,0.185,0.576,0
0.22,3.0,0.686,0.986,1
7.9,16.9,0.215,0.628,1
1.35,4.3,0.823,0.701,1
0.78,3.0,0.636,0.628,1
0.18,3.0,0.294,0.571,1
0.1,3.0,0.249,0.403,1
0.1,3.0,0.43,0.904,1
1.14,4.1,0.801,0.679,1
1.1,3.0,0.796,0.825,1
3.06,8.0,0.033,0.966,1
6.87,17.9,0.302,0.402,1
3.52,6.5,0.423,0.798,1
3.27,6.4,0.586,0.47,1
1.66,3.0,0.15,0.67,1
2.9,8.4,0.335,0.9,1
2.4,3.6,0.886,0.442,1
0.16,3.0,0.477,0.984,1
0.81,3.0,0.744,0.743,1
0.78,3.1,0.485,0.633,1
0.23,3.0,0.465,0.412,1
1.37,3.3,0.622,0.746,1
0.18,3.8,0.259,0.692,1
4.51,14.7,0.25,0.527,1
4.62,13.5,0.989,0.689,1
0.32,3.0,0.869,0.408,1
0.26,3.0,0.738,0.99,1
9.39,24.9,0.137,0.596,0
0.94,3.0,0.03,0.683,1
2.11,6.4,0.175,0.863,1
1.84,3.3,0.938,0.821,1
3.82,9.2,0.816,0.924,1
3.11,8.1,0.523,0.955,1
6.87,17.7,0.969,0.512,1
0.57,3.0,0.147,0.63,1
3.1,6.6,0.559,0.805,1
1.29,3.0,0.183,0.427,1
2.14,8.6,0.306,0.823,1
12.43,36.1,0.94,0.403,0
1.62,5.0,0.868,0.939,1
3.54,6.2,0.102,0.824,1
1.92,3.3,0.25,0.734,0
0.59,3.0,0.595,0.653,1
0.1,3.0,0.061,0.983,1
4.68,9.3,0.55,0.835,1
0.29,3.0,0.584,0.876,1
0.59,3.0,0.291,0.887,1
2.74,8.6,0.293,0.413,1
1.12,3.0,0.229,0.432,0
1.84,3.0,0.936,0.517,1
1.88,5.9,0.389,0.787,1
0.1,3.0,0.585,0.768,1
6.62,16.4,0.302,0.592,1
12.17,31.2,0.703,0.974,0
2.05,4.2,0.101,0.455,1
1.24,3.0,0.072,0.858,1
6.81,19.1,0.744,0.684,1
1.61,4.8,0.727,0.647,1
2.92,8.3,0.265,0.415,1
6.21,18.5,0.355,0.829,1
1.29,3.0,0.957,0.855,1
5.78,13.3,0.104,0.588,0
3.43,8.9,0.183,0.705,1
3.08,6.6,0.43,0.758,1
5.3,14.8,0.282,0.617,1
0.1,3.0,0.649,0.763,1
1.12,3.0,0.691,0.656,1
0.68,3.0,0.526,0.918,1
0.99,3.0,0.611,0.824,1
1.27,5.0,0.433,0.465,0
0.77,3.0,0.76,0.872,1
1.79,5.4,0.042,0.599,1
1.06,3.3,0.313,0.952,1
1.68,3.8,0.684,0.756,1
1.95,3.4,0.33,0.416,0
0.81,3.0,0.079,0.833,1
2.91,6.6,0.345,0.477,1
3.53,12.2,0.711,0.918,1
4.67,14.4,0.122,0.96,1
0.69,3.0,0.725,0.81,1
2.98,8.2,0.775,0.714,1
4.12,10.1,0.635,0.755,1
0.14,3.0,0.244,0.653,1
1.71,3.8,0.805,0.449,1
2.85,7.3,0.214,0.948,1
0.89,3.0,0.906,0.594,1
5.52,14.7,0.707,0.585,1
3.89,11.6,0.055,0.513,1
0.57,3.0,0.799,0.986,1
1.79,3.1,0.506,0.956,1
10.06,28.0,0.453,0.606,0
2.39,7.5,0.421,0.553,1
4.27,9.9,0.607,0.875,1
7.42,18.3,0.725,0.649,1
1.78,4.2,0.896,0.971,1
0.29,3.0,0.273,0.932,1
0.74,3.0,0.631,0.848,1
1.99,10.0,0.686,0.453,1
1.76,4.8,0.675,0.814,1
2.43,7.4,0.493,0.982,1
3.96,6.5,0.391,0.62,1
4.56,10.4,0.762,0.92,1
3.2,10.5,0.3,0.641,1
8.58,22.3,0.208,0.973,0
10.85,18.3,0.546,0.786,1
3.92,11.1,0.268,0.457,1
5.84,18.4,0.033,0.683,0
1.55,3.0,0.052,0.429,1
0.43,4.1,0.695,0.633,1
2.53,3.0,0.973,0.94,1
7.77,21.3,0.455,0.537,1
0.48,3.0,0.147,0.961,1
1.31,3.0,0.818,0.459,1
2.99,8.4,0.261,0.792,1
1.72,6.6,0.996,0.97,1
0.16,3.0,0.563,0.786,1
12.47,32.3,0.233,0.93,0
2.33,5.0,0.496,0.985,1
0.88,3.0,0.335,0.779,1
1.49,5.1,0.779,0.862,1
0.1,3.7,0.106,0.419,0
2.42,8.3,0.857,0.652,1
4.94,8.4,0.767,0.57,1
2.42,3.0,0.861,0.886,1
4.45,9.4,0.895,0.8,1
2.03,3.0,0.23,0.763,1
4.37,11.0,0.521,0.95,1
2.12,6.1,0.85,0.452,0
3.07,4.8,0.377,0.963,1
5.77,16.0,0.06,0.459,0
13.18,34.1,0.292,0.605,0
1.61,3.0,0.242,0.772,1
10.34,25.5,0.87,0.601,0
0.34,3.0,0.464,0.803,1
2.73,6.1,0.684,0.857,1
2.11,5.3,0.962,0.889,1
2.59,6.8,0.299,0.506,0
5.54,14.6,0.761,0.507,1
1.48,4.2,0.023,0.431,0
12.6,31.0,0.104,0.69,0
2.38,6.5,0.162,0.481,1
4.39,13.0,0.312,0.588,0
2.67,6.5,0.403,0.896,1
2.21,6.2,0.477,0.96,1
1.73,3.9,0.245,0.885,1
0.1,3.0,0.066,0.4,1
11.79,30.5,0.678,0.735,1
3.13,6.7,0.024,0.498,1
8.28,21.5,0.809,0.622,1
12.13,30.4,0.929,0.652,0
4.65,11.0,0.71,0.956,1
1.44,3.0,0.596,0.774,1
1.9,3.7,0.657,0.558,0
0.3,3.0,0.652,0.779,1
7.11,18.5,0.932,0.962,1
3.53,9.3,0.964,0.435,1
8.24,22.3,0.427,0.881,1
7.27,17.1,0.617,0.528,0
0.12,4.1,0.803,0.49,1
5.29,12.5,0.001,0.93,1
0.44,3.0,0.527,0.401,1
0.23,3.0,0.653,0.837,1
3.41,5.1,0.717,0.451,1
1.83,7.6,0.369,0.765,1
4.73,14.6,0.296,0.766,0
9.81,25.7,0.182,0.909,1
1.65,3.0,0.558,0.885,1
2.77,10.6,0.919,0.804,1
0.1,3.0,0.896,0.625,1
0.69,3.0,0.36,0.498,1
3.36,11.3,0.258,0.775,1
0.1,3.0,0.789,0.693,1
3.14,12.3,0.725,0.446,1
2.98,7.9,0.505,0.964,1
0.29,3.0,0.389,0.586,1
7.8,18.3,0.124,0.401,1
4.35,7.2,0.785,0.932,1
7.19,17.4,0.617,0.74,1
0.5,3.5,0.377,0.833,1
4.21,11.7,0.919,0.49,1
1.26,3.2,0.66,0.639,1
9.14,20.9,0.929,0.781,1
1.99,5.4,0.474,0.548,1
2.89,9.3,0.455,0.814,1
0.98,3.3,0.937,0.538,1
1.93,5.2,0.96,0.523,1
4.18,8.9,0.961,0.407,1
3.19,9.7,0.819,0.566,1
0.1,3.0,0.462,0.546,1
0.11,3.0,0.21,0.851,1
1.84,9.7,0.383,0.736,0
4.52,8.3,0.938,0.505,1
2.8,6.5,0.364,0.735,1
0.6,3.0,0.757,0.533,1
4.87,11.2,0.923,0.651,1
10.12,27.4,0.97,0.924,1
1.23,4.0,0.948,0.824,1
1.95,5.2,0.555,0.784,1
1.77,6.0,0.492,0.566,1
1.04,3.0,0.988,0.474,1
1.28,9.6,0.218,0.844,1
1.07,3.0,0.188,0.735,1
0.61,3.0,0.963,0.767,1
0.18,3.0,0.689,0.975,1
1.01,3.0,0.536,0.606,1
6.51,18.6,0.132,0.872,1
1.17,3.0,0.513,0.73,1
0.81,3.0,0.944,0.539,1
4.66,11.7,0.603,0.431,1
1.55,6.6,0.405,0.763,1
4.29,10.8,0.551,0.576,1
3.49,8.0,0.886,0.81,1
3.49,5.0,0.913,0.813,1
1.09,3.6,0.4,0.669,1
2.56,7.7,0.608,0.716,1
8.71,18.2,0.279,0.77,1
4.07,12.5,0.451,0.676,1
3.66,10.7,0.22,0.918,1
1.82,6.8,0.531,0.445,0
3.5,9.9,0.578,0.978,1
2.2,6.8,0.338,0.42,1
0.54,3.0,0.272,0.523,1
1.06,4.4,0.151,0.818,1
0.51,3.0,0.14,0.45,1
3.28,5.2,0.711,0.555,1
0.3,3.0,0.222,0.491,1
0.28,3.0,0.118,0.827,1
0.65,3.0,0.999,0.742,1
1.43,4.2,0.26,0.438,1
0.53,3.6,0.896,0.671,1
3.94,12.1,0.609,0.523,1
2.32,4.1,0.715,0.971,1
15.34,38.8,0.561,0.464,0
10.24,23.9,0.181,0.753,0
2.15,5.0,0.847,0.684,1
1.91,5.4,0.828,0.741,1
0.36,3.0,0.35,0.964,1
4.95,17.2,0.764,0.601,1
10.58,27.6,0.543,0.842,1
1.98,3.7,0.909,0.664,1
4.74,15.7,0.803,0.79,1
0.1,3.0,0.041,0.616,1
20.0,50.3,0.879,0.534,0
0.32,3.0,0.969,0.449,1
4.54,14.6,0.742,0.46,1
0.16,3.0,0.12,0.966,1
1.03,3.0,0.807,0.865,1
1.2,5.4,0.647,0.545,1
3.18,9.1,0.339,0.712,1
0.2,3.0,0.884,0.821,1
1.35,5.6,0.566,0.608,1
0.73,6.9,0.853,0.66,1
0.36,3.0,0.67,0.824,1
5.05,12.9,0.289,0.534,1
1.44,3.9,0.975,0.711,1
0.29,3.4,0.571,0.524,1
1.72,3.1,0.517,0.402,1
0.59,3.0,0.404,0.807,1
0.1,3.0,0.136,0.817,1
0.33,3.0,0.686,0.987,1
3.59,7.9,0.431,0.507,1
0.1,3.0,0.935,0.836,1
1.43,7.1,0.965,0.959,1
2.1,6.3,0.768,0.78,1
0.9,3.0,0.242,0.968,1
2.41,4.6,0.716,0.987,1
5.48,16.5,0.02,0.873,1
1.88,6.9,0.826,0.99,1
1.76,4.5,0.494,0.769,1
0.45,3.0,0.937,0.693,1
1.9,7.0,0.378,0.941,1
6.96,15.4,0.263,0.89,0
1.75,5.2,0.995,0.465,1
2.19,10.0,0.531,0.579,0
8.63,22.0,0.863,0.554,1
1.2,3.0,0.911,0.905,1
0.14,3.0,0.518,0.538,1
6.3,14.8,0.456,0.579,1
2.07,3.0,0.553,0.706,1
0.43,3.0,0.848,0.445,1
0.26,3.0,0.965,0.967,1
2.0,4.4,0.328,0.69,1
4.71,11.0,0.739,0.512,0
0.1,3.0,0.285,0.56,1
0.22,3.0,0.611,0.871,1
0.33,3.0,0.805,0.774,1
0.51,3.0,0.886,0.674,1
2.99,11.3,0.449,0.596,1
0.17,3.0,0.37,0.931,1
5.72,15.5,0.253,0.856,1
7.56,20.7,0.133,0.824,0
14.99,39.0,0.365,0.663,0
0.1,3.0,0.872,0.979,1
0.65,3.0,0.419,0.819,1
2.2,5.0,0.317,0.65,1
0.21,3.0,0.739,0.967,1
12.34,31.5,0.216,0.928,0
10.07,24.4,0.256,0.837,1
2.05,3.0,0.936,0.853,1
5.99,15.3,0.082,0.65,0
6.22,15.1,0.415,0.699,0
2.27,3.0,0.577,0.513,1
1.47,4.7,0.23,0.751,1
6.02,17.0,0.281,0.618,1
1.8,9.5,0.222,0.605,1
7.45,17.8,0.345,0.959,1
3.03,6.5,0.899,0.497,1
2.05,3.0,0.432,0.89,1
1.5,4.2,0.418,0.566,0
1.03,3.0,0.387,0.417,1
0.66,3.0,0.964,0.424,1
0.1,3.0,0.117,0.653,1
0.93,3.0,0.872,0.668,1
0.1,3.0,0.327,0.589,1
0.75,3.0,0.957,0.795,1
9.92,24.7,0.315,0.686,0
7.42,15.7,0.083,0.444,0
7.21,16.9,0.52,0.605,0
1.2,3.0,0.228,0.46,1
8.95,22.4,0.753,0.437,0
3.45,9.6,0.657,0.523,1
0.13,3.2,0.686,0.813,1
0.79,3.4,0.193,0.811,1
3.24,10.0,0.709,0.908,1
0.53,4.2,0.311,0.846,1
0.36,3.0,0.999,0.716,1
4.29,10.7,0.732,0.584,1
0.1,3.0,0.59,0.403,1
0.11,3.0,0.867,0.782,1
5.85,15.9,0.589,0.571,1
1.05,3.0,0.553,0.548,1
8.07,18.5,0.237,0.975,1
4.61,11.0,0.678,0.503,1
3.45,10.2,0.375,0.419,0
1.28,3.2,0.043,0.96,1
0.52,3.6,0.816,0.581,1
0.23,3.2,0.052,0.632,1
4.3,13.2,0.672,0.448,1
0.32,3.2,0.157,0.638,1
0.61,3.0,0.433,0.974,1
2.3,6.7,0.859,0.809,1
0.12,3.0,0.094,0.68,1
3.24,4.8,0.667,0.581,1
0.2,3.0,0.613,0.616,1
0.61,4.2,0.868,0.761,1
0.25,3.0,0.173,0.55,1
7.01,21.6,0.8,0.49,1
10.76,27.2,0.45,0.811,0
3.94,14.8,0.429,0.913,1
3.52,9.2,0.362,0.932,1
0.87,3.0,0.386,0.896,1
3.39,5.9,0.52,0.713,1
3.55,11.1,0.107,0.865,1
4.29,9.7,0.425,0.947,1
4.81,10.7,0.652,0.414,1
4.98,15.0,0.498,0.643,0
0.1,3.0,0.166,0.52,1
3.53,11.1,0.363,0.988,1
2.93,6.6,0.443,0.948,1
6.19,15.4,0.669,0.873,1
0.38,3.0,0.901,0.575,1
3.37,10.0,0.55,0.962,1
1.92,7.9,0.676,0.417,1
1.97,5.7,0.077,0.511,0
0.49,5.2,0.954,0.764,1
4.33,12.6,0.315,0.868,1
2.13,4.8,0.354,0.921,1
0.33,3.0,0.223,0.577,1
20.0,53.4,0.085,0.631,0
2.81,11.0,0.79,0.668,1
1.54,6.2,0.24,0.416,0
9.78,24.5,0.283,0.91,0
5.6,13.6,0.182,0.599,1
4.64,12.7,0.975,0.518,1
0.22,3.9,0.781,0.641,1
3.37,9.3,0.93,0.819,1
6.55,17.3,0.862,0.914,1
2.06,5.3,0.906,0.527,0
4.38,10.3,0.479,0.502,1
0.98,3.0,0.171,0.957,1
0.45,3.0,0.327,0.725,1
6.49,19.7,0.292,0.616,1
1.64,3.6,0.717,0.518,1
2.15,5.5,0.026,0.987,1
1.08,3.0,0.142,0.824,0
2.08,6.6,0.683,0.529,1
1.05,5.4,0.123,0.454,1
0.17,3.7,0.048,0.518,1
5.98,15.4,0.109,0.546,0
0.56,3.0,0.691,0.466,1
1.15,3.0,0.139,0.535,1
5.83,15.6,0.146,0.469,0
3.29,8.8,0.23,0.623,0
2.62,6.7,0.751,0.687,1
6.52,16.6,0.2,0.669,0
0.54,3.0,0.035,0.889,1
2.0,4.4,0.906,0.55,1
1.89,4.2,0.876,0.923,1
10.48,29.6,0.185,0.936,0
5.18,18.4,0.265,0.966,1
0.66,3.0,0.189,0.507,1
0.5,3.0,0.72,0.545,1
1.39,3.0,0.25,0.768,1
0.66,3.0,0.931,0.483,1
1.4,5.3,0.828,0.451,1
0.34,3.0,0.588,0.443,1
2.7,7.1,0.009,0.758,1
0.67,3.0,0.884,0.875,1
0.73,3.0,0.728,0.553,1
12.03,29.6,0.788,0.951,0
5.08,12.7,0.072,0.867,1
6.42,12.9,0.709,0.446,1
0.2,3.0,0.805,0.64,1
0.92,3.0,0.957,0.44,1
1.4,5.0,0.58,0.94,1
5.25,13.6,0.508,0.838,1
2.84,8.3,0.425,0.805,0
0.1,3.0,0.701,0.803,1
1.01,3.0,0.921,0.568,1
5.06,14.0,0.6,0.951,1
17.03,37.0,0.227,0.944,0
1.27,5.6,0.018,0.836,1
1.88,3.0,0.619,0.677,1
2.8,8.7,0.865,0.428,1
1.88,3.0,0.066,0.417,0
4.99,14.6,0.398,0.481,0
6.64,23.0,0.94,0.752,0
0.63,3.0,0.502,0.871,1
2.38,7.3,0.221,0.96,1
0.33,3.0,0.354,0.503,1
0.53,3.0,0.408,0.563,1
1.9,4.3,0.117,0.432,0
1.1,3.0,0.661,0.984,1
0.27,3.0,0.592,0.861,1
2.25,7.2,0.648,0.684,1
4.02,7.2,0.611,0.74,1
3.93,12.3,0.017,0.732,1
1.14,3.0,0.174,0.55,1
2.32,3.0,0.166,0.509,1
0.67,4.9,0.098,0.575,1
0.79,3.0,0.735,0.546,1
1.17,6.7,0.12,0.729,1
8.54,23.8,0.668,0.582,1
1.61,3.0,0.178,0.83,1
2.65,6.4,0.118,0.735,1
2.3,6.0,0.163,0.714,1
4.13,13.4,0.508,0.961,1
8.76,22.8,0.645,0.59,0
1.27,3.5,0.812,0.775,1
3.94,9.5,0.129,0.4,1
1.21,3.0,0.616,0.835,1
6.2,18.1,0.774,0.697,1
0.45,3.0,0.312,0.523,1
0.44,3.0,0.08,0.401,1
2.25,4.5,0.156,0.817,1
0.26,3.0,0.092,0.791,1
0.97,3.0,0.887,0.793,1
2.34,4.4,0.377,0.658,1
0.91,5.3,0.523,0.777,1
7.93,19.4,0.769,0.737,1
2.35,7.3,0.371,0.541,1
1.94,3.0,0.649,0.706,1
2.23,6.7,0.077,0.704,1
3.81,9.2,0.481,0.886,1
1.08,3.0,0.097,0.656,1
4.23,10.9,0.248,0.657,1
7.65,18.1,0.293,0.981,1
6.12,11.1,0.718,0.928,1
2.17,7.3,0.674,0.543,1
0.73,3.0,0.747,0.937,1
0.98,3.0,0.062,0.481,1
4.82,10.1,0.994,0.904,0
2.77,4.0,0.054,0.508,1
1.18,3.4,0.826,0.651,1
0.1,3.5,0.74,0.981,1
5.91,15.2,0.592,0.457,0
0.5,3.0,0.439,0.895,1
1.79,4.9,0.757,0.692,1
0.94,3.0,0.74,0.465,1
1.26,4.9,0.137,0.962,1
0.24,3.0,0.793,0.724,1
1.0,3.0,0.079,0.92,0
7.52,19.9,0.501,0.913,0
1.81,3.0,0.645,0.409,1
1.75,3.0,0.822,0.556,1
2.66,6.3,0.463,0.599,1
1.31,4.1,0.237,0.716,1
1.19,3.0,0.491,0.442,1
0.1,3.0,0.25,0.629,1
4.7,13.3,0.529,0.881,1
3.63,9.2,0.463,0.502,1
1.52,3.0,0.781,0.814,1
2.95,5.4,0.24,0.672,1
1.52,5.9,0.2,0.442,1
0.37,3.0,0.474,0.505,1
0.47,3.3,0.051,0.483,1
10.02,24.7,0.229,0.766,0
3.8,9.3,0.354,0.452,1
1.34,3.0,0.488,0.886,1
4.25,10.3,0.269,0.876,1
2.18,6.7,0.561,0.447,1
4.63,8.9,0.878,0.924,1
3.29,9.2,0.544,0.966,1
4.23,10.8,0.287,0.426,1
0.1,3.0,0.062,0.961,1
12.92,34.0,0.137,0.565,0
0.14,3.0,0.561,0.792,1
1.5,4.4,0.684,0.503,1
0.4,4.2,0.05,0.882,1
0.65,4.5,0.186,0.897,1
1.58,4.7,0.319,0.977,1
1.32,3.0,0.32,0.986,1
8.67,20.4,0.958,0.445,1
1.46,3.0,0.204,0.788,1
9.02,23.6,0.063,0.561,0
2.62,4.9,0.353,0.474,1
1.5,5.3,0.134,0.488,1
2.74,11.1,0.127,0.952,1
2.6,6.4,0.407,0.803,1
0.89,3.0,0.306,0.43,1
0.87,3.0,0.092,0.981,1
6.88,18.8,0.604,0.877,1
0.24,3.0,0.502,0.582,1
2.17,7.2,0.077,0.678,1
9.16,21.8,0.863,0.829,0
1.15,4.5,0.285,0.799,1
5.04,12.3,0.961,0.673,1
1.11,3.0,0.932,0.702,1
9.38,22.6,0.434,0.425,0
0.45,3.0,0.229,0.695,1
1.59,8.0,0.835,0.601,1
2.16,5.2,0.361,0.568,1
4.1,11.5,0.164,0.559,1
2.57,5.4,0.552,0.783,1
4.61,9.4,0.489,0.653,0
0.46,3.0,0.85,0.651,1
4.79,14.2,0.729,0.494,1
7.38,17.4,0.876,0.967,1
4.3,9.0,0.735,0.532,0
1.16,3.2,0.642,0.64,1
0.68,3.0,0.5,0.512,0
0.95,5.7,0.988,0.815,1
0.38,3.0,0.959,0.657,1
3.28,9.5,0.849,0.644,1
2.39,7.4,0.775,0.916,1
2.4,3.7,0.578,0.848,1
2.91,5.3,0.26,0.707,1
6.87,15.0,0.875,0.676,1
0.2,3.0,0.011,0.966,1
1.53,5.4,0.227,0.964,1
0.74,3.0,0.404,0.816,1
3.73,9.5,0.586,0.848,1
6.37,10.7,0.561,0.93,0
1.02,6.7,0.176,0.969,1
1.88,3.0,0.105,0.449,1
0.14,4.5,0.222,0.988,1
1.9,3.0,0.349,0.815,1
1.11,3.0,0.014,0.75,1
2.91,3.0,0.692,0.644,1
2.01,5.7,0.248,0.598,1
4.84,9.9,0.351,0.874,1
1.66,3.0,0.335,0.786,1
1.91,3.0,0.512,0.518,1
5.61,15.6,0.86,0.76,1
1.74,5.8,0.149,0.483,0
2.97,11.0,0.341,0.693,1
0.76,3.0,0.692,0.744,1
4.26,11.1,0.044,0.775,1
3.1,5.2,0.83,0.486,1
3.22,7.4,0.962,0.456,1
3.39,7.4,0.608,0.553,1
2.83,8.0,0.957,0.758,1
0.24,3.0,0.413,0.95,1
1.1,4.7,0.415,0.86,1
6.29,14.0,0.106,0.84,1
5.26,15.1,0.035,0.595,1
5.16,12.8,0.245,0.466,1
8.8,21.4,0.478,0.926,0
2.52,4.9,0.508,0.696,1
2.33,4.7,0.218,0.459,1
2.08,8.7,0.613,0.716,1
0.2,3.0,0.181,0.798,1
2.21,5.9,0.326,0.589,0
3.98,9.4,0.196,0.405,1
0.99,7.4,0.697,0.767,1
6.71,19.4,0.517,0.424,0
3.02,6.1,0.736,0.655,1
3.59,8.4,0.057,0.887,1
2.82,6.6,0.425,0.989,1
5.12,13.1,0.967,0.618,1
1.86,3.2,0.054,0.412,1
2.34,6.7,0.418,0.691,1
0.82,5.0,0.04,0.563,1
2.17,3.0,0.147,0.927,1
0.82,3.0,0.463,0.82,1
5.42,12.6,0.158,0.639,1
2.56,5.5,0.519,0.85,1
2.52,10.3,0.923,0.601,0
4.8,14.0,0.2,0.708,1
0.75,3.8,0.107,0.944,1
0.78,3.0,0.825,0.518,1
9.25,22.6,0.46,0.585,1
2.76,4.0,0.883,0.923,1
2.54,7.9,0.306,0.673,1
0.1,3.0,0.628,0.588,1
1.49,6.3,0.923,0.422,1
6.93,16.9,0.172,0.647,1
5.02,12.3,0.801,0.695,1
1.53,4.2,0.632,0.64,1
3.17,9.7,0.813,0.564,1
1.4,3.0,0.171,0.618,1
1.81,6.0,0.434,0.779,1
1.3,3.2,0.129,0.926,1
0.74,3.0,0.96,0.783,1
2.37,3.0,0.063,0.781,0
2.02,4.8,0.065,0.882,1
9.22,26.0,0.898,0.497,0
0.35,4.2,0.301,0.578,1
1.79,5.2,0.597,0.43,1
4.33,14.8,0.287,0.606,1
2.18,5.4,0.649,0.989,1
7.96,21.8,0.192,0.594,1
1.46,3.0,0.459,0.907,1
0.5,3.0,0.533,0.451,1
6.46,14.8,0.334,0.671,1
0.21,3.0,0.252,0.607,1
1.67,6.8,0.14,0.519,1
1.25,3.0,0.706,0.62,1
2.76,5.3,0.168,0.784,1
3.9,7.4,0.292,0.689,1
1.92,4.4,0.337,0.898,1
5.65,17.7,0.454,0.934,1
0.14,4.5,0.703,0.684,1
1.17,3.0,0.428,0.979,1
2.62,5.8,0.871,0.442,1
1.43,3.0,0.68,0.563,1
0.47,3.1,0.838,0.646,1
0.69,3.0,0.716,0.744,1
1.52,3.0,0.149,0.722,1
1.26,3.3,0.978,0.735,1
3.92,8.9,0.787,0.929,1
3.55,12.1,0.573,0.564,1
3.36,9.5,0.165,0.882,1
2.92,8.6,0.173,0.729,1
4.19,5.1,0.614,0.689,1
8.87,22.1,0.416,0.577,0
1.05,6.8,0.676,0.579,1
6.46,18.8,0.372,0.629,0
0.1,3.0,0.513,0.85,0
9.12,22.2,0.188,0.681,0
0.32,3.0,0.155,0.491,1
0.36,4.3,0.076,0.848,1
1.71,4.8,0.82,0.791,1
0.5,3.0,0.555,0.96,1
0.1,3.0,0.947,0.712,1
0.1,3.0,0.749,0.786,1
1.0,3.0,0.769,0.683,1
5.24,13.2,0.509,0.802,1
0.39,3.0,0.815,0.657,1
2.76,3.0,0.942,0.481,1
5.18,12.2,0.722,0.982,1
0.65,3.7,0.106,0.825,1
1.02,3.0,0.651,0.759,1
15.19,38.4,0.12,0.684,0
3.62,9.2,0.077,0.82,1
2.17,8.8,0.693,0.475,1
5.59,13.5,0.835,0.592,1
0.33,3.0,0.159,0.474,0
4.64,13.3,0.074,0.474,1
4.1,7.6,0.887,0.413,0
1.36,3.0,0.132,0.846,1
1.09,3.0,0.035,0.534,1
2.47,5.9,0.721,0.891,1
4.36,12.6,0.848,0.934,1
4.82,13.2,0.514,0.499,1
6.78,15.5,0.54,0.818,1
0.6,3.0,0.337,0.672,1
0.83,5.1,0.238,0.942,1
4.06,8.5,0.755,0.686,1
0.6,3.0,0.849,0.624,1
0.1,3.0,0.321,0.574,1
0.71,3.0,0.274,0.933,1
1.09,3.0,0.268,0.533,1
1.09,5.6,0.051,0.888,1
3.38,6.9,0.281,0.515,1
3.04,9.7,0.026,0.78,1
1.78,3.2,0.788,0.666,1
3.9,8.5,0.256,0.462,0
2.01,7.5,0.69,0.474,1
3.14,9.8,0.543,0.566,1
9.44,24.0,0.837,0.852,1
4.24,12.1,0.96,0.83,1
0.94,3.0,0.367,0.521,1
0.51,3.0,0.088,0.681,1
8.53,20.0,0.75,0.457,1
3.24,9.9,0.021,0.822,1
5.36,12.0,0.223,0.868,1
2.61,9.5,0.053,0.927,1
2.62,5.9,0.898,0.923,1
20.0,50.0,0.005,0.599,0
7.45,20.1,0.493,0.55,0
0.2,3.0,0.424,0.929,1
0.57,3.0,0.653,0.486,1
1.34,3.3,0.29,0.435,0
1.28,5.0,0.874,0.585,1
0.59,3.0,0.734,0.849,1
3.32,8.1,0.432,0.81,1
1.67,4.2,0.358,0.982,1
6.51,18.0,0.816,0.612,0
1.31,3.1,0.757,0.563,1
2.24,9.2,0.399,0.623,1
1.64,3.8,0.341,0.862,0
3.19,7.5,0.039,0.526,1
0.87,3.0,0.082,0.959,1
5.31,10.6,0.054,0.702,1
10.26,23.6,0.024,0.862,0
0.21,3.0,0.153,0.888,1
0.1,3.0,0.857,0.683,1
1.6,3.9,0.798,0.837,1
2.32,4.8,0.846,0.615,1
3.89,12.2,0.624,0.878,1
1.6,7.1,0.624,0.886,1
1.87,7.2,0.124,0.734,1
2.79,5.3,0.699,0.529,1
1.51,3.0,0.28,0.972,1
10.24,29.2,0.519,0.959,1
0.2,3.0,0.955,0.766,1
0.36,3.0,0.871,0.98,1
2.24,7.0,0.233,0.697,1
0.93,4.3,0.737,0.622,1
5.19,11.8,0.104,0.672,0
1.28,3.6,0.027,0.427,0
0.69,3.6,0.028,0.724,1
0.53,3.0,0.17,0.793,1
2.9,7.3,0.695,0.465,1
0.54,3.0,0.363,0.551,1
1.7,3.0,0.016,0.825,1
3.43,7.4,0.988,0.868,1
3.87,10.6,0.533,0.982,1
1.44,3.0,0.394,0.549,1
0.14,3.0,0.519,0.896,1
1.35,3.5,0.52,0.502,1
1.63,3.0,0.47,0.477,1
1.86,5.5,0.613,0.83,1
0.82,4.3,0.886,0.663,1
12.62,31.4,0.302,0.868,0
4.15,10.0,0.487,0.567,1
0.28,3.0,0.004,0.526,1
0.25,3.0,0.86,0.724,1
1.79,5.6,0.306,0.468,0
4.8,18.2,0.271,0.564,1
0.26,3.0,0.998,0.498,1
4.84,11.9,0.584,0.589,1
3.21,9.5,0.123,0.852,0
5.01,15.8,0.266,0.471,1
5.19,14.9,0.353,0.761,1
4.16,6.1,0.986,0.745,1
2.84,8.2,0.431,0.717,1
6.28,20.8,0.23,0.686,1
3.0,8.7,0.57,0.792,1
2.56,4.1,0.405,0.903,1
2.25,6.2,0.055,0.496,1
4.2,7.9,0.861,0.88,1
1.05,5.1,0.016,0.436,1
12.88,30.3,0.898,0.684,1
4.83,12.2,0.792,0.702,1
0.54,3.0,0.076,0.517,1
3.81,8.4,0.724,0.453,1
3.96,12.9,0.771,0.444,0
0.39,3.0,0.602,0.422,1
1.68,3.1,0.578,0.738,1
1.03,3.0,0.05,0.492,1
0.6,3.0,0.059,0.877,0
0.89,3.0,0.727,0.93,1
4.11,10.5,0.106,0.573,0
2.11,7.2,0.242,0.497,1
1.05,3.0,0.499,0.642,1
0.69,4.9,0.164,0.92,1
5.41,12.1,0.79,0.636,1
1.85,4.1,0.807,0.464,1
3.63,6.9,0.842,0.981,1
1.67,6.1,0.05,0.695,1
0.9,6.4,0.428,0.602,1
4.2,7.0,0.847,0.927,1
2.17,4.7,0.363,0.947,1
3.1,10.3,0.696,0.693,1
5.67,11.3,0.589,0.581,1
7.72,20.4,0.347,0.685,0
3.82,12.0,0.276,0.529,0
2.93,7.5,0.653,0.682,1
4.77,13.0,0.134,0.535,1
0.97,5.9,0.86,0.767,1
1.17,6.8,0.576,0.848,1
3.93,9.7,0.112,0.972,1
1.16,3.0,0.704,0.897,1
1.14,3.0,0.431,0.451,1
6.38,17.9,0.204,0.525,0
5.08,9.9,0.961,0.714,1
1.2,3.0,0.72,0.552,1
1.82,4.8,0.593,0.408,1
5.23,12.1,0.849,0.845,1
0.3,3.0,0.544,0.611,1
3.83,14.7,0.441,0.439,1
0.56,3.0,0.189,0.7,0
5.86,13.8,0.153,0.977,1
1.92,6.8,0.432,0.8,1
0.53,3.0,0.456,0.494,1
0.1,3.1,0.733,0.703,1
0.1,3.0,0.442,0.932,1
1.19,3.0,0.593,0.432,0
4.61,8.0,0.833,0.776,1
0.11,3.0,0.993,0.826,1
4.01,6.4,0.323,0.815,1
6.71,17.5,0.902,0.489,1
1.29,3.0,0.806,0.935,1
4.01,12.5,0.068,0.59,1
0.1,3.0,0.334,0.431,1
0.39,3.0,0.219,0.449,1
0.86,3.0,0.664,0.67,1
1.66,5.4,0.555,0.424,1
3.71,7.7,0.495,0.86,1
5.22,11.1,0.764,0.911,1
1.43,5.9,0.333,0.408,1
2.16,6.1,0.383,0.878,1
12.05,29.6,0.866,0.979,0
2.38,7.2,0.972,0.418,1
1.6,4.0,0.776,0.828,1
5.17,13.7,0.217,0.989,1
16.38,39.3,0.113,0.87,0
1.62,8.2,0.209,0.698,1
3.31,7.1,0.423,0.922,1
7.39,21.6,0.237,0.818,0
1.34,3.0,0.901,0.573,1
1.77,6.0,0.671,0.532,1
2.33,7.3,0.417,0.702,1
2.57,8.7,0.274,0.62,1
4.01,8.4,0.381,0.594,1
3.6,11.2,0.476,0.505,1
1.64,7.8,0.714,0.899,0
7.7,18.7,0.089,0.816,1
1.71,4.3,0.849,0.595,1
0.81,3.0,0.128,0.54,1
2.93,6.6,0.262,0.476,1
5.5,17.2,0.994,0.466,1
0.94,3.0,0.19,0.769,1
2.68,4.8,0.101,0.464,1
1.2,6.2,0.638,0.967,1
0.1,3.0,0.393,0.565,1
0.83,6.3,0.092,0.415,1
3.51,7.9,0.004,0.905,1
4.22,10.8,0.079,0.617,0
0.79,3.0,0.523,0.602,1
2.99,7.7,0.231,0.47,1
1.68,3.0,0.778,0.79,1
2.79,8.3,0.858,0.612,1
0.12,3.0,0.145,0.886,1
0.47,3.0,0.337,0.772,0
0.65,3.0,0.147,0.919,1
1.03,3.0,0.287,0.767,1
1.64,5.6,0.239,0.86,0
1.71,3.0,0.787,0.811,1
1.67,5.2,0.345,0.673,1
0.42,5.2,0.496,0.806,1
8.67,24.6,0.674,0.792,1
1.26,3.0,0.822,0.404,1
2.41,4.9,0.301,0.812,1
5.95,15.7,0.209,0.555,1
0.41,3.0,0.978,0.72,1
2.51,3.5,0.32,0.466,1
1.49,4.5,0.671,0.414,1
5.04,12.6,0.678,0.409,0
1.98,8.8,0.514,0.493,0
1.3,3.0,0.228,0.412,1
0.1,3.0,0.141,0.478,1
8.11,17.7,0.487,0.73,1
0.34,3.0,0.511,0.636,1
2.93,8.8,0.773,0.979,1
1.11,5.0,0.71,0.877,1
9.89,22.8,0.912,0.487,1
0.5,3.0,0.971,0.646,1
8.13,17.6,0.728,0.654,1
12.41,30.7,0.077,0.614,0
0.95,4.0,0.405,0.692,1
0.33,3.0,0.609,0.795,1
3.19,7.5,0.59,0.778,1
0.92,3.0,0.181,0.611,1
1.18,3.0,0.583,0.816,1
4.06,13.7,0.35,0.571,1
6.36,16.0,0.339,0.893,0
2.79,5.0,0.834,0.969,0
4.93,11.7,0.422,0.574,1
0.37,3.0,0.527,0.863,1
7.51,16.8,0.563,0.88,1
0.41,3.8,0.563,0.69,1
0.36,3.0,0.213,0.452,1
0.92,6.1,0.599,0.864,1
2.25,5.4,0.335,0.64,1
0.55,3.0,0.655,0.523,1
7.73,20.6,0.146,0.77,0
0.76,3.0,0.994,0.658,1
6.44,16.5,0.772,0.452,1
7.49,18.6,0.417,0.98,1
1.71,7.2,0.301,0.544,0
6.74,18.8,0.388,0.701,1
4.99,10.2,0.721,0.794,1
1.57,6.4,0.655,0.468,1
5.03,12.1,0.702,0.836,1
3.46,6.8,0.889,0.782,1
0.99,3.0,0.456,0.691,1
11.15,27.5,0.67,0.712,0
2.91,10.4,0.442,0.963,1
5.6,14.7,0.638,0.937,1
1.69,4.6,0.475,0.466,1
3.21,9.8,0.777,0.618,1
0.85,4.3,0.005,0.705,1
1.1,4.3,0.216,0.943,1
4.3,13.6,0.296,0.882,1
6.1,16.5,0.945,0.628,1
12.3,31.1,0.507,0.923,0
2.1,7.7,0.364,0.623,1
0.1,3.0,0.404,0.56,1
0.55,3.0,0.452,0.76,1
0.57,4.9,0.868,0.61,1
10.01,28.3,0.962,0.767,1
1.12,3.0,0.844,0.642,1
1.17,3.0,0.842,0.87,1
8.13,23.3,0.199,0.963,1
2.37,7.5,0.269,0.559,1
1.29,3.9,0.596,0.701,1
0.1,3.0,0.656,0.827,1
0.3,3.0,0.203,0.494,1
0.74,3.0,0.746,0.87,1
0.8,3.0,0.2,0.744,1
1.82,4.8,0.263,0.488,1
2.72,7.3,0.307,0.912,1
0.84,3.0,0.846,0.652,1
2.6,8.3,0.732,0.504,1
1.68,6.8,0.531,0.515,1
5.34,15.3,0.82,0.863,1
2.3,5.2,0.813,0.952,1
2.1,6.8,0.39,0.623,1
1.45,3.8,0.781,0.447,1
2.01,3.0,0.206,0.459,1
1.09,4.1,0.503,0.786,1
0.86,3.0,0.118,0.619,1
2.6,11.7,0.427,0.651,1
1.22,6.0,0.52,0.599,0
1.16,4.3,0.08,0.675,1
9.58,24.4,0.463,0.78,1
3.47,9.0,0.652,0.719,1
1.52,3.0,0.614,0.497,0
3.33,4.8,0.054,0.69,0
5.4,11.8,0.095,0.672,1
11.87,29.6,0.351,0.722,1
2.51,3.0,0.843,0.465,1
0.17,3.0,0.87,0.491,1
2.15,4.9,0.31,0.713,1
0.26,3.0,0.719,0.563,1
10.25,24.3,0.577,0.771,0
0.47,3.0,0.983,0.62,1
0.21,4.0,0.095,0.53,1
6.93,18.7,0.548,0.787,1
1.73,3.2,0.593,0.632,1
2.16,5.3,0.308,0.493,1
1.76,4.3,0.047,0.877,1
7.96,18.4,0.052,0.655,0
2.62,5.0,0.454,0.94,1
1.93,6.8,0.692,0.514,1
0.34,3.0,0.7,0.917,1
8.79,19.8,0.181,0.881,1
0.79,3.0,0.858,0.461,1
8.29,21.0,0.377,0.714,1
0.15,3.0,0.964,0.786,1
6.13,15.2,0.118,0.692,1
1.68,5.9,0.836,0.63,1
13.0,33.4,0.908,0.957,0
5.33,17.8,0.823,0.813,1
0.39,3.5,0.809,0.97,1
0.41,3.9,0.361,0.899,1
1.18,8.6,0.713,0.882,1
10.51,27.8,0.579,0.828,0
2.69,7.1,0.424,0.781,1
2.65,8.6,0.993,0.923,1
5.35,12.2,0.29,0.762,1
3.69,9.4,0.413,0.444,1
3.57,7.6,0.903,0.744,1
5.76,15.2,0.289,0.461,1
2.54,5.1,0.153,0.96,1
3.96,8.5,0.31,0.782,1
1.49,4.6,0.759,0.728,1
2.26,5.4,0.86,0.517,1
2.92,3.4,0.114,0.704,1
1.51,3.0,0.622,0.602,1
5.17,10.6,0.567,0.798,0
7.15,16.1,0.669,0.757,0
0.55,3.0,0.671,0.695,1
5.52,14.2,0.959,0.549,1
0.21,3.0,0.347,0.71,1
0.71,3.3,0.3,0.672,0
2.54,8.5,0.581,0.902,1
5.79,15.7,0.429,0.928,1
10.96,27.8,0.474,0.848,0
3.13,10.0,0.069,0.589,1
0.18,3.0,0.148,0.422,1
4.58,12.2,0.935,0.946,0
0.7,4.3,0.068,0.985,1
0.76,3.0,0.59,0.475,1
0.28,3.0,0.755,0.805,1
1.99,4.4,0.012,0.651,1
1.21,5.3,0.223,0.488,0
6.14,18.5,0.377,0.989,1
3.79,6.6,0.507,0.951,1
1.32,6.1,0.342,0.98,1
1.09,3.0,0.649,0.485,1
2.15,3.1,0.226,0.69,1
0.86,3.0,0.025,0.929,1
0.16,3.0,0.002,0.798,1
1.32,3.0,0.346,0.656,1
0.87,3.5,0.362,0.705,1
3.92,11.2,0.949,0.423,1
3.17,10.0,0.045,0.761,1
0.77,3.0,0.53,0.907,1
5.98,14.9,0.578,0.402,1
2.48,6.1,0.699,0.494,1
9.04,26.0,0.639,0.706,1
4.46,5.5,0.008,0.731,1
6.97,15.5,0.632,0.603,0
9.54,23.8,0.322,0.416,0
1.55,3.0,0.773,0.839,1
3.3,7.7,0.188,0.543,1
0.52,3.0,0.716,0.78,1
0.83,3.0,0.625,0.73,1
0.69,3.0,0.652,0.654,1
1.85,5.9,0.176,0.748,1
3.74,8.9,0.669,0.81,1
2.53,5.4,0.737,0.738,1
0.1,3.0,0.489,0.729,1
0.73,3.0,0.34,0.657,1
3.75,5.9,0.167,0.654,0
3.05,8.5,0.29,0.69,1
0.96,3.0,0.764,0.667,1
1.1,5.3,0.409,0.659,1
4.53,12.5,0.703,0.524,1
2.2,7.8,0.74,0.828,1
2.73,4.8,0.674,0.478,1
1.71,3.5,0.674,0.936,1
4.09,7.7,0.611,0.769,1
6.69,15.3,0.518,0.429,1
10.06,27.7,0.198,0.789,1
3.37,11.4,0.843,0.613,1
1.55,3.0,0.964,0.949,1
0.47,3.0,0.466,0.952,1
0.11,3.0,0.933,0.899,1
9.27,24.4,0.998,0.735,1
4.05,6.6,0.486,0.942,1
1.49,3.0,0.724,0.783,1
2.87,8.2,0.644,0.916,1
5.67,10.3,0.237,0.494,0
11.66,28.2,0.047,0.933,1
0.66,3.0,0.453,0.79,1
2.72,7.6,0.787,0.579,1
4.77,11.7,0.325,0.989,1
13.95,34.1,0.784,0.805,0
4.26,12.3,0.655,0.936,1
2.93,7.9,0.696,0.403,1
3.46,7.4,0.286,0.726,0
1.06,3.0,0.47,0.82,1
3.44,9.4,0.182,0.408,1
5.95,18.3,0.247,0.85,1
0.93,3.9,0.09,0.784,1
8.08,22.6,0.127,0.562,0
0.33,3.0,0.211,0.806,1
1.46,3.0,0.58,0.477,1
0.54,3.0,0.441,0.886,1
0.26,3.0,0.267,0.911,1
11.03,25.6,0.861,0.686,1
0.95,4.9,0.525,0.699,1
2.16,7.2,0.923,0.637,1
2.95,6.8,0.635,0.604,1
0.42,3.0,0.016,0.915,0
1.03,3.0,0.913,0.58,1
0.98,3.9,0.857,0.638,1
1.12,3.0,0.635,0.577,1
1.98,4.7,0.535,0.787,1
1.22,3.0,0.453,0.88,1
5.06,13.9,0.482,0.497,1
2.16,4.2,0.769,0.55,1
1.57,3.0,0.513,0.461,1
0.78,3.0,0.176,0.495,1
4.31,10.6,0.058,0.64,1
1.46,3.8,0.126,0.858,1
1.47,7.1,0.251,0.72,1
9.99,26.1,0.368,0.431,0
0.18,3.0,0.892,0.769,1
1.57,3.9,0.239,0.869,1
2.77,9.1,0.32,0.632,1
4.14,9.2,0.223,0.545,0
3.97,9.6,0.546,0.851,1
0.97,3.0,0.617,0.414,1
0.1,3.1,0.532,0.881,1
3.32,9.1,0.952,0.875,1
2.67,5.3,0.995,0.924,1
0.28,3.0,0.837,0.453,1
2.12,6.3,0.805,0.464,1
0.62,3.0,0.366,0.915,1
0.36,3.0,0.58,0.68,1
2.56,5.1,0.351,0.631,1
3.36,9.1,0.784,0.738,1
2.9,6.5,0.172,0.435,1
1.1,3.0,0.217,0.78,1
2.78,4.3,0.039,0.958,1
1.83,4.7,0.609,0.799,1
2.16,5.0,0.689,0.674,1
3.82,8.9,0.003,0.967,1
2.71,7.2,0.511,0.806,1
2.99,9.0,0.377,0.434,1
4.93,13.7,0.792,0.795,1
1.39,4.6,0.039,0.435,1
2.23,5.1,0.049,0.581,1
3.11,6.6,0.62,0.763,1
5.34,11.3,0.592,0.527,1
0.89,3.0,0.831,0.423,1
4.4,11.0,0.592,0.765,1
0.97,3.0,0.949,0.569,0
1.19,3.2,0.314,0.714,1
1.65,3.0,0.398,0.554,1
0.35,3.0,0.978,0.805,1
6.47,17.8,0.108,0.928,0
5.92,13.9,0.796,0.451,1
9.21,21.4,0.012,0.864,0
2.7,4.6,0.487,0.492,1
3.41,9.4,0.153,0.594,1
1.06,5.4,0.599,0.611,1
0.1,3.0,0.798,0.522,1
3.99,9.5,0.033,0.444,1
0.66,3.8,0.164,0.853,1
0.87,3.0,0.343,0.868,1
14.94,41.3,0.256,0.988,1
0.5,6.1,0.383,0.951,1
0.28,3.0,0.952,0.656,1
0.23,3.0,0.101,0.479,1
3.2,6.6,0.423,0.406,1
1.34,3.0,0.457,0.714,1
1.22,3.0,0.28,0.908,1
2.39,7.6,0.279,0.558,1
0.32,3.0,0.715,0.517,1
0.42,3.0,0.618,0.659,1
7.47,18.3,0.813,0.927,1
6.37,16.9,0.405,0.666,0
2.49,3.9,0.607,0.826,1
7.35,15.1,0.894,0.673,0
0.24,4.6,0.851,0.62,1
2.43,4.8,0.92,0.66,1
3.43,8.3,0.269,0.853,1
5.56,13.1,0.985,0.845,1
2.58,7.5,0.816,0.655,1
2.53,9.9,0.795,0.558,1
1.03,3.7,0.668,0.482,1
3.3,5.2,0.983,0.401,1
0.41,3.0,0.442,0.467,1
5.86,13.8,0.742,0.497,0
2.04,4.6,0.699,0.807,1
0.34,3.0,0.732,0.883,1
1.07,4.3,0.751,0.835,1
1.87,3.0,0.191,0.827,1
10.52,29.3,0.349,0.987,0
3.38,12.1,0.392,0.968,1
4.71,11.3,0.748,0.559,0
13.89,35.6,0.716,0.486,0
4.11,7.8,0.833,0.49,1
0.23,3.0,0.789,0.928,1
3.72,8.3,0.596,0.46,1
4.46,9.0,0.14,0.601,0
1.13,3.0,0.635,0.713,1
0.53,3.0,0.887,0.762,1
2.44,5.5,0.643,0.751,1
18.67,48.6,0.896,0.864,0
4.6,9.9,0.999,0.737,1
6.15,18.8,0.359,0.902,1
4.44,8.4,0.723,0.45,1
1.27,6.4,0.54,0.907,1
2.87,5.2,0.455,0.748,1
8.79,22.0,0.24,0.532,0
1.08,3.0,0.246,0.977,1
0.17,3.0,0.185,0.954,0
20.0,51.6,0.631,0.899,0
1.5,6.7,0.142,0.938,1
13.9,37.1,0.431,0.625,0
2.69,5.9,0.523,0.534,1
2.48,6.6,0.438,0.508,1
3.17,6.4,0.855,0.916,1
2.6,4.5,0.443,0.888,0
9.86,22.4,0.083,0.979,1
1.63,3.2,0.992,0.9,1
0.5,3.0,0.845,0.773,1
5.87,10.9,0.66,0.484,1
3.45,8.5,0.756,0.497,1
0.11,3.3,0.128,0.679,1
3.42,10.8,0.766,0.853,1
5.0,11.3,0.208,0.502,0
1.14,3.0,0.489,0.94,1
1.59,4.9,0.178,0.803,1
0.39,3.0,0.754,0.584,1
1.03,4.8,0.246,0.923,1
3.39,8.1,0.253,0.753,1
0.1,3.9,0.109,0.833,1
4.49,7.8,0.721,0.627,1
8.73,23.7,0.296,0.632,1
0.35,3.0,0.518,0.407,1
1.75,3.7,0.332,0.717,1
0.71,3.0,0.775,0.849,1
1.99,6.2,0.226,0.972,1
4.76,13.3,0.941,0.926,1
3.21,11.6,0.321,0.451,1
1.57,6.0,0.104,0.979,0
0.64,3.0,0.24,0.488,1
12.11,28.3,0.074,0.424,0
0.92,3.0,0.469,0.842,1
1.09,5.7,0.25,0.934,1
0.1,3.0,0.886,0.96,1
13.36,36.3,0.517,0.887,1
4.56,12.5,0.233,0.521,1
5.98,15.6,0.451,0.491,0
5.81,13.9,0.196,0.435,0
1.6,5.3,0.179,0.743,1
1.77,4.4,0.301,0.687,1
5.04,11.9,0.108,0.464,1
3.86,11.0,0.189,0.674,0
0.25,3.0,0.938,0.735,1
2.07,3.6,0.667,0.827,1
9.81,25.7,0.921,0.644,1
2.78,6.8,0.257,0.588,1
3.03,8.6,0.857,0.793,1
0.92,3.0,0.362,0.804,1
12.08,27.8,0.144,0.56,1
7.34,21.8,0.805,0.412,1
2.15,8.5,0.06,0.958,1
1.32,5.1,0.405,0.846,1
0.97,3.0,0.819,0.519,1
1.58,3.3,0.617,0.734,1
0.5,4.0,0.518,0.751,1
0.84,3.0,0.354,0.474,1
0.15,3.0,0.075,0.513,1
5.92,18.5,0.991,0.964,1
0.26,3.0,0.175,0.7,1
0.16,3.9,0.255,0.513,1
5.85,11.8,0.236,0.871,0
2.33,6.9,0.908,0.678,1
3.88,13.8,0.764,0.777,1
5.21,13.1,0.457,0.576,0
2.06,4.6,0.955,0.434,1
4.04,7.8,0.053,0.497,1
2.21,7.7,0.894,0.974,1
11.38,26.9,0.06,0.768,0
5.07,12.5,0.391,0.89,1
1.09,3.0,0.054,0.413,1
2.16,8.5,0.999,0.852,1
0.67,4.0,0.914,0.686,1
3.81,9.5,0.585,0.793,1
0.83,3.0,0.218,0.611,1
2.18,8.5,0.277,0.766,1
2.25,4.9,0.45,0.421,0
2.45,3.9,0.323,0.427,1
0.86,3.0,0.021,0.871,1
2.24,4.3,0.656,0.473,1
5.63,11.2,0.613,0.408,1
0.89,3.0,0.904,0.938,1
1.28,4.7,0.477,0.557,1
3.62,8.3,0.345,0.744,1
0.69,3.0,0.512,0.895,1
9.1,21.3,0.195,0.84,0
4.36,11.0,0.626,0.428,1
4.37,14.8,0.77,0.731,1
3.77,8.7,0.153,0.72,1
1.12,3.6,0.318,0.607,1
1.83,3.0,0.868,0.845,1
2.15,8.4,0.506,0.969,1
2.31,4.8,0.532,0.487,1
4.16,12.5,0.722,0.486,1
1.13,3.0,0.578,0.833,1
1.82,5.8,0.07,0.668,1
10.49,27.6,0.804,0.869,0
8.61,20.6,0.923,0.483,1
1.07,4.9,0.053,0.424,1
3.31,6.8,0.121,0.812,1
0.75,3.4,0.702,0.987,1
1.23,3.0,0.604,0.456,0
1.17,3.6,0.383,0.91,1
3.22,7.1,0.539,0.627,1
7.95,20.0,0.703,0.41,1
1.91,3.0,0.504,0.701,1
9.08,23.2,0.14,0.565,0
6.69,16.8,0.089,0.809,1
2.26,4.6,0.439,0.57,1
3.42,8.4,0.923,0.684,1
2.88,7.5,0.558,0.518,0
5.38,12.2,0.358,0.889,1
2.7,6.5,0.909,0.946,0
2.15,3.4,0.389,0.638,1
2.75,11.6,0.509,0.665,0
2.61,8.6,0.116,0.98,1
0.89,3.0,0.737,0.484,1
0.1,3.0,0.7,0.877,1
1.52,3.0,0.794,0.735,1
1.34,3.0,0.325,0.92,1
17.91,44.0,0.436,0.573,0
2.51,3.5,0.168,0.575,1
2.66,6.2,0.965,0.592,1
3.27,8.6,0.086,0.41,1
3.55,10.7,0.649,0.5,1
0.53,3.0,0.705,0.987,1
1.95,5.7,0.158,0.547,1
0.25,3.0,0.365,0.412,1
0.1,3.0,0.043,0.564,1
2.18,4.4,0.557,0.641,1
11.96,32.7,0.995,0.723,1
1.93,4.6,0.43,0.44,1
0.22,4.1,0.99,0.866,1
1.04,3.0,0.126,0.887,1
0.61,3.0,0.392,0.526,1
3.88,9.6,0.902,0.871,1
1.15,3.0,0.877,0.613,1
3.12,9.1,0.324,0.65,1
1.66,3.6,0.679,0.952,1
3.1,3.0,0.886,0.926,1
2.87,3.0,0.767,0.621,1
6.6,19.0,0.628,0.688,1
1.1,5.2,0.153,0.569,1
1.28,7.0,0.073,0.704,1
1.94,4.8,0.615,0.802,1
2.23,3.0,0.5,0.455,1
0.69,3.0,0.238,0.943,1
2.41,6.0,0.293,0.824,1
4.0,8.0,0.392,0.457,1
0.9,5.5,0.496,0.913,1
6.45,20.6,0.39,0.839,1
5.35,14.3,0.387,0.585,0
4.96,12.4,0.116,0.708,0
4.18,7.9,0.866,0.907,1
3.2,11.1,0.609,0.971,1
1.99,5.1,0.146,0.566,1
3.3,7.7,0.424,0.784,1
5.76,15.4,0.417,0.908,1
1.71,3.1,0.601,0.983,1
0.55,3.0,0.609,0.442,1
9.44,20.7,0.645,0.697,1
7.8,21.7,0.698,0.915,0
1.35,3.2,0.103,0.402,1
1.5,6.1,0.305,0.658,1
4.71,11.4,0.017,0.745,0
1.76,4.1,0.455,0.711,1
1.81,3.0,0.429,0.832,1
2.37,7.4,0.734,0.439,1
0.81,3.0,0.167,0.863,1
2.5,5.3,0.631,0.567,1
0.73,3.0,0.307,0.886,1
1.34,3.6,0.382,0.647,1
1.03,3.0,0.719,0.425,1
0.24,3.0,0.072,0.969,1
6.3,17.3,0.343,0.861,0
1.2,3.0,0.391,0.605,1
1.11,3.0,0.716,0.559,1
19.81,49.9,0.199,0.747,0
2.71,6.5,0.947,0.983,1
0.16,3.0,0.998,0.571,1
1.71,4.2,0.819,0.959,1
1.26,5.1,0.3,0.595,1
1.97,3.0,0.664,0.815,1
0.63,3.0,0.083,0.625,1
0.57,3.0,0.871,0.45,1
0.29,3.0,0.516,0.952,1
3.88,9.5,0.176,0.497,1
0.1,3.0,0.327,0.957,1
4.65,11.8,0.801,0.461,1
0.53,3.0,0.87,0.557,1
4.36,8.8,0.52,0.943,1
3.86,6.7,0.48,0.789,1
3.33,6.2,0.751,0.512,1
0.12,3.0,0.826,0.749,1
1.32,3.0,0.765,0.506,1
3.21,8.9,0.384,0.916,1
0.1,3.0,0.642,0.429,1
1.14,4.4,0.857,0.713,1
1.55,3.0,0.152,0.437,0
6.31,15.8,0.388,0.81,1
0.8,3.0,0.057,0.952,1
0.66,6.3,0.409,0.89,1
10.26,26.9,0.772,0.619,0
1.37,3.0,0.197,0.54,1
1.38,4.8,0.542,0.471,1
4.32,15.1,0.037,0.915,1
3.69,6.0,0.898,0.448,1
1.74,3.0,0.82,0.771,1
2.89,6.8,0.524,0.617,1
1.22,3.0,0.706,0.988,1
3.58,8.3,0.104,0.7,1
0.45,3.0,0.845,0.724,1
0.45,3.9,0.715,0.942,1
1.32,3.0,0.12,0.972,1
0.1,3.0,0.981,0.744,1
0.78,4.1,0.023,0.87,1
2.23,5.5,0.629,0.775,1
1.28,3.0,0.172,0.652,1
0.44,3.0,0.719,0.434,1
18.72,46.3,0.07,0.823,0
5.88,13.2,0.081,0.813,1
0.9,3.0,0.466,0.469,1
5.52,11.0,0.994,0.536,1
7.72,20.9,0.277,0.832,1
4.17,10.7,0.613,0.488,1
0.17,3.0,0.519,0.808,1
2.51,9.1,0.842,0.824,1
2.21,4.7,0.289,0.608,1
2.3,4.3,0.555,0.552,1
0.36,3.0,0.951,0.62,1
3.77,9.0,0.333,0.612,1
6.41,15.8,0.439,0.758,1
0.26,3.0,0.889,0.839,1
0.95,3.0,0.332,0.908,1
0.1,3.0,0.381,0.418,1
5.22,13.8,0.304,0.829,1
14.43,36.4,0.81,0.585,0
0.1,3.0,0.93,0.895,1
6.86,21.1,0.631,0.445,1
1.77,5.9,0.624,0.725,1
8.68,24.5,0.39,0.724,0
11.28,29.7,0.012,0.593,0
4.86,15.6,0.174,0.972,1
0.4,4.7,0.147,0.463,1
2.39,7.9,0.116,0.48,1
0.57,3.0,0.654,0.78,1
14.2,35.1,0.136,0.703,0
1.92,4.7,0.086,0.556,1
0.76,3.0,0.383,0.58,1
1.07,3.9,0.249,0.493,1
10.12,23.9,0.146,0.912,1
0.35,3.0,0.146,0.736,1
3.94,5.1,0.256,0.544,1
6.63,20.0,0.537,0.632,0
1.56,3.5,0.758,0.935,1
3.28,9.1,0.853,0.923,1
2.44,9.0,0.751,0.441,1
1.83,5.2,0.628,0.786,1
1.54,6.7,0.908,0.49,1
0.21,3.0,0.52,0.524,1
1.02,7.4,0.633,0.91,1
0.58,3.6,0.412,0.928,1
1.82,5.0,0.327,0.449,1
4.21,13.4,0.332,0.916,1
0.82,3.0,0.148,0.83,1
0.99,3.0,0.797,0.858,1
1.18,5.8,0.055,0.867,1
4.7,8.0,0.675,0.699,1
5.98,16.1,0.864,0.959,1
0.45,3.0,0.497,0.518,1
7.01,21.5,0.07,0.698,1
4.61,8.4,0.428,0.588,1
0.29,3.9,0.343,0.885,1
3.32,7.2,0.986,0.449,1
2.69,5.8,0.691,0.656,1
2.23,3.1,0.721,0.856,1
0.24,3.0,0.516,0.584,1
3.13,8.6,0.709,0.542,1
2.33,3.6,0.723,0.555,1
0.94,3.8,0.066,0.821,1
1.78,3.1,0.223,0.569,0
4.41,8.6,0.013,0.638,1
0.14,3.0,0.51,0.722,1
1.64,4.8,0.876,0.955,1
5.52,13.2,0.61,0.869,1
1.68,4.3,0.5,0.509,1
5.87,16.1,0.926,0.921,1
0.54,3.5,0.172,0.898,1
4.43,10.4,0.075,0.84,1
8.33,18.7,0.917,0.705,0
0.46,3.0,0.903,0.441,0
5.29,14.2,0.683,0.82,1
0.91,3.0,0.246,0.706,1
0.37,3.0,0.97,0.583,1
0.31,3.0,0.765,0.406,1
1.56,3.5,0.674,0.536,1
0.1,3.0,0.223,0.757,1
0.84,3.5,0.513,0.466,1
1.57,3.0,0.823,0.787,1
1.76,3.0,0.86,0.884,1
0.69,3.0,0.561,0.588,1
1.15,3.0,0.523,0.448,1
0.61,3.0,0.698,0.482,1
0.84,3.0,0.528,0.611,1
3.59,8.2,0.418,0.88,1
1.6,3.2,0.085,0.774,1
4.1,10.5,0.126,0.912,1
0.83,3.0,0.76,0.987,1
0.1,3.2,0.025,0.52,1
2.31,6.8,0.052,0.81,0
3.77,7.8,0.905,0.675,0
0.3,3.0,0.704,0.691,1
3.4,8.7,0.004,0.592,0
0.37,3.3,0.312,0.602,1
1.08,3.0,0.763,0.799,1
2.45,7.7,0.418,0.766,0
0.3,3.0,0.469,0.588,1
2.93,10.3,0.459,0.47,1
2.28,8.3,0.202,0.741,1
3.22,8.4,0.721,0.836,1
0.24,3.0,0.103,0.73,1
0.87,3.2,0.507,0.402,1
4.94,12.0,0.17,0.567,0
0.1,3.6,0.047,0.859,1
5.22,13.2,0.143,0.838,1
3.91,9.0,0.869,0.406,1
0.29,3.0,0.176,0.677,1
0.5,3.0,0.278,0.658,1
4.51,12.4,0.138,0.785,0
1.98,3.3,0.736,0.474,1
1.65,6.3,0.445,0.767,1
0.93,3.0,0.944,0.959,1
1.72,4.5,0.664,0.619,1
1.33,5.6,0.531,0.599,1
1.59,3.0,0.657,0.417,1
5.33,17.4,0.04,0.434,0
0.1,3.0,0.951,0.95,1
6.56,16.7,0.956,0.976,1
1.01,3.7,0.276,0.403,1
1.0,3.9,0.628,0.931,1
3.4,9.0,0.202,0.503,0
5.89,16.7,0.547,0.731,1
2.45,7.2,0.771,0.8,1
0.83,5.6,0.94,0.612,1
0.33,3.0,0.339,0.712,1
1.62,8.0,0.694,0.77,1
0.23,3.0,0.716,0.514,1
5.71,10.7,0.221,0.987,1
1.04,7.8,0.629,0.52,1
3.88,8.5,0.655,0.406,1
4.91,15.3,0.764,0.957,1
2.57,6.5,1.0,0.653,1
3.97,12.0,0.04,0.635,0
2.5,4.9,0.202,0.563,1
1.28,4.4,0.145,0.415,0
3.78,8.9,0.154,0.556,1
3.5,11.9,0.454,0.632,0
0.46,3.0,0.879,0.707,1
4.25,12.5,0.449,0.67,1
1.35,3.0,0.668,0.919,0
8.05,19.9,0.376,0.938,1
5.55,14.7,0.32,0.587,1
2.17,5.9,0.834,0.966,1
2.81,8.9,0.656,0.91,1
0.43,3.0,0.351,0.947,1
2.02,5.2,0.914,0.817,0
1.75,6.7,0.499,0.517,1
1.38,3.0,0.188,0.515,1
1.84,5.8,0.483,0.936,1
12.44,30.4,0.675,0.699,0
0.45,3.0,0.367,0.925,1
0.27,3.0,0.844,0.825,1
1.8,7.0,0.533,0.525,1
1.2,5.1,0.468,0.627,1
3.11,7.5,0.859,0.971,1
0.84,3.9,0.463,0.412,0
5.81,16.3,0.414,0.822,1
4.93,12.1,0.104,0.977,1
0.62,3.0,0.362,0.461,1
0.4,3.0,0.397,0.56,1
3.4,10.2,0.181,0.723,0
0.1,3.0,0.588,0.898,1
0.92,3.0,0.144,0.699,1
6.03,11.7,0.224,0.435,1
0.41,3.0,0.561,0.475,1
2.58,5.4,0.269,0.622,1
1.87,5.3,0.64,0.59,1
9.98,27.4,0.691,0.53,0
1.37,3.0,0.301,0.896,1
5.09,12.6,0.087,0.416,0
7.08,17.4,0.489,0.889,1
0.49,3.0,0.093,0.944,1
1.95,7.4,0.515,0.772,1
2.23,3.0,0.726,0.769,1
1.93,6.0,0.62,0.488,1
5.24,15.2,0.448,0.735,0
0.15,3.0,0.946,0.621,1
0.81,3.0,0.102,0.535,1
0.63,3.0,0.88,0.744,1
0.26,3.0,0.8,0.401,1
0.78,3.1,0.42,0.563,1
1.14,4.0,0.153,0.787,1
1.18,3.0,0.156,0.668,1
0.1,3.0,0.922,0.486,1
2.18,7.8,0.234,0.401,1
0.52,3.0,0.874,0.56,1
1.59,3.0,0.503,0.724,1
1.96,4.7,0.462,0.715,1
2.71,7.2,0.62,0.477,1
1.43,3.0,0.215,0.762,0
0.26,3.0,0.428,0.989,1
0.1,3.0,0.938,0.745,1
1.5,5.0,0.238,0.711,1
4.76,12.2,0.922,0.767,1
10.5,23.0,0.994,0.919,1
3.94,10.5,0.052,0.958,1
1.33,3.2,0.531,0.424,1
8.02,21.1,0.172,0.521,0
7.19,17.2,0.622,0.468,1
4.36,9.3,0.99,0.856,1
7.4,17.0,0.897,0.427,0
4.12,9.2,0.925,0.933,1
2.23,5.6,0.213,0.412,1
4.65,11.9,0.542,0.756,0
2.98,7.1,0.235,0.563,1
6.88,16.4,0.899,0.678,1
0.74,3.0,0.191,0.661,1
0.45,6.1,0.154,0.842,1
1.83,3.0,0.012,0.693,1
0.36,3.0,0.182,0.649,1
1.87,11.3,0.19,0.831,0
3.4,9.4,0.077,0.946,1
5.72,11.5,0.868,0.868,1
10.5,27.9,0.78,0.835,1
1.14,3.0,0.254,0.688,1
1.45,5.4,0.783,0.931,1
1.31,3.0,0.422,0.687,1
0.14,3.0,0.776,0.949,1
0.52,4.5,0.323,0.874,1
0.32,3.0,0.565,0.489,1
2.47,8.1,0.382,0.428,1
1.68,5.1,0.188,0.837,1
8.43,20.2,0.586,0.805,1
0.1,3.0,0.751,0.755,1
0.96,4.8,0.753,0.976,1
1.52,4.1,0.356,0.722,1
2.73,10.4,0.519,0.605,1
0.79,3.7,0.764,0.733,1
1.12,3.2,0.054,0.417,1
0.8,3.0,0.072,0.742,1
3.45,8.9,0.376,0.932,1
0.79,3.0,0.223,0.403,0
3.73,9.1,0.375,0.899,1
3.75,9.8,0.094,0.873,1
2.28,4.9,0.592,0.463,1
1.1,3.4,0.672,0.9,1
0.35,3.0,0.792,0.85,1
1.7,5.8,0.651,0.69,1
3.37,9.7,0.396,0.545,1
20.0,50.3,0.935,0.57,0
1.12,3.0,0.726,0.761,1
0.43,4.7,0.528,0.545,1
0.27,3.0,0.207,0.592,1
6.65,16.5,0.649,0.949,1
2.06,4.5,0.592,0.83,1
1.06,3.0,0.683,0.834,1
1.76,7.5,0.781,0.964,1
1.22,5.8,0.915,0.403,1
1.66,5.0,0.949,0.544,1
2.92,7.1,0.63,0.788,1
0.77,3.2,0.966,0.659,1
4.05,10.3,0.911,0.467,0
4.74,11.5,0.003,0.861,1
0.43,3.0,0.638,0.428,1
0.47,3.0,0.178,0.721,1
1.7,4.8,0.295,0.732,1
4.08,10.6,0.298,0.775,1
1.35,4.6,0.483,0.586,1
15.41,37.3,0.011,0.414,0
4.94,13.8,0.236,0.925,1
0.16,3.0,0.029,0.948,1
2.63,5.4,0.651,0.684,1
3.98,8.9,0.889,0.412,1
0.41,3.0,0.998,0.743,1
5.67,16.2,0.449,0.586,0
0.74,3.0,0.26,0.508,1
0.7,3.0,0.853,0.5,1
2.82,9.6,0.113,0.506,1
0.2,3.0,0.974,0.595,1
3.13,7.5,0.715,0.566,1
0.84,3.0,0.504,0.893,0
0.72,3.5,0.097,0.692,1
3.61,10.7,0.018,0.652,1
2.05,6.6,0.545,0.486,0
3.8,10.6,0.414,0.917,1
2.35,6.0,0.843,0.432,1
6.43,15.0,0.642,0.541,1
4.78,10.3,0.432,0.767,1
1.47,6.3,0.226,0.814,1
3.14,9.4,0.48,0.873,1
0.37,3.0,0.163,0.642,1
3.61,9.1,0.667,0.605,1
0.35,3.0,0.606,0.57,1
0.1,3.0,0.81,0.735,1
1.55,4.2,0.45,0.606,1
1.31,3.0,0.279,0.594,1
3.41,6.6,0.836,0.41,1
0.26,3.0,0.691,0.96,1
6.87,14.1,0.707,0.436,0
5.5,13.0,0.528,0.56,1
8.32,20.6,0.876,0.944,1
0.3,3.0,0.228,0.834,0
1.29,4.5,0.402,0.741,1
0.56,3.0,0.796,0.79,1
0.74,3.0,0.133,0.457,1
1.75,4.0,0.808,0.877,1
0.92,3.0,0.353,0.548,1
0.75,3.0,0.126,0.964,1
1.33,3.0,0.079,0.537,1
2.29,6.8,0.843,0.769,1
0.55,3.0,0.779,0.722,1
1.22,4.9,0.288,0.484,1
1.89,4.0,0.116,0.614,1
6.2,17.6,0.247,0.861,1
2.3,3.5,0.213,0.525,1
8.3,19.4,0.733,0.968,1
8.97,23.2,0.216,0.574,0
0.65,4.0,0.216,0.77,1
0.29,4.1,0.032,0.765,1
8.84,22.2,0.597,0.678,1
7.27,21.9,0.689,0.787,1
12.45,30.5,0.653,0.839,0
4.28,12.9,0.569,0.765,1
0.32,3.0,0.966,0.73,1
2.84,7.9,0.473,0.758,1
2.26,3.0,0.86,0.637,1
5.25,10.9,0.646,0.442,0
0.65,3.0,0.084,0.494,1
0.57,3.0,0.81,0.758,1
2.55,7.2,0.584,0.947,1
0.39,3.0,0.654,0.415,1
0.43,3.0,0.18,0.721,1
6.94,15.4,0.437,0.549,1
8.2,19.6,0.881,0.731,1
6.2,13.6,0.215,0.842,1
3.93,9.6,0.0,0.834,1
1.18,3.2,0.258,0.828,0
1.21,3.0,0.488,0.86,1
5.62,17.4,0.821,0.443,1
10.5,24.8,0.643,0.701,1
0.1,3.0,0.919,0.554,0
14.51,34.2,0.456,0.944,0
0.64,3.0,0.391,0.862,1
5.29,15.6,0.231,0.463,1
0.72,4.1,0.218,0.544,1
1.36,3.0,0.736,0.669,1
3.09,8.8,0.08,0.968,1
0.83,3.0,0.243,0.465,1
7.3,17.2,0.886,0.735,1
0.46,3.0,0.577,0.601,0
0.21,4.2,0.047,0.781,1
9.61,25.0,0.704,0.783,1
4.95,13.5,0.507,0.542,1
1.41,4.9,0.855,0.864,1
1.92,3.0,0.682,0.454,1
3.27,9.1,0.004,0.883,0
4.83,10.0,0.206,0.525,1
1.42,3.0,0.258,0.748,1
3.06,12.0,0.702,0.605,1
0.95,3.0,0.509,0.76,1
0.1,3.0,0.747,0.558,1
5.43,15.9,0.513,0.736,1
0.33,3.0,0.327,0.405,1
0.1,3.0,0.104,0.621,1
6.56,18.9,0.203,0.888,1
6.92,17.4,0.401,0.673,1
1.79,3.0,0.551,0.695,1
2.43,7.2,0.939,0.767,1
1.34,3.0,0.24,0.656,1
1.59,7.1,0.666,0.912,1
0.83,3.0,0.153,0.638,1
0.74,3.9,0.714,0.956,1
1.24,6.7,0.011,0.917,1
5.38,11.7,0.656,0.648,1
9.62,23.7,0.163,0.616,1
4.84,12.9,0.18,0.799,1
3.69,7.5,0.559,0.846,1
1.96,5.4,0.375,0.51,1
1.01,3.0,0.471,0.542,1
3.01,7.0,0.309,0.486,1
0.2,3.0,0.953,0.849,1
11.59,29.1,0.291,0.821,0
3.7,9.6,0.542,0.512,1
6.31,14.6,0.854,0.717,1
0.1,3.0,0.664,0.851,1
0.32,3.0,0.323,0.959,1
4.27,10.6,0.552,0.505,1
0.1,3.0,0.083,0.58,1
2.3,6.4,0.546,0.606,1
0.76,3.0,0.431,0.769,0
1.13,3.0,0.758,0.48,1
3.74,8.8,0.848,0.514,0
0.82,3.0,0.2,0.86,1
1.13,6.1,0.082,0.72,1
2.89,7.3,0.391,0.495,1
0.52,3.0,0.534,0.629,0
3.66,8.2,0.377,0.479,1
5.65,14.1,0.629,0.614,0
7.18,15.5,0.506,0.636,1
2.26,5.3,0.937,0.466,1
0.76,3.0,0.409,0.435,1
0.55,3.0,0.082,0.92,1
0.54,3.0,0.302,0.924,1
0.1,3.0,0.606,0.402,1
4.05,13.0,0.256,0.778,0
2.01,6.7,0.269,0.455,1
6.57,19.1,0.34,0.878,1
0.38,3.7,0.746,0.919,1
9.14,24.2,0.94,0.764,1
1.72,3.4,0.35,0.762,1
0.35,3.0,0.195,0.619,1
0.1,3.0,0.421,0.547,1
0.66,3.0,0.352,0.695,1
5.69,19.2,0.99,0.479,1
0.66,3.0,0.464,0.797,1
3.68,13.2,0.679,0.677,1
0.24,3.0,0.914,0.505,1
1.75,7.0,0.629,0.747,1
2.94,10.8,0.249,0.869,0
5.25,11.1,0.607,0.747,1
3.23,7.1,0.402,0.713,1
0.14,3.0,0.422,0.9,1
4.52,8.8,0.979,0.406,1
0.1,3.0,0.279,0.764,1
0.6,3.0,0.469,0.642,1
7.21,18.1,0.16,0.514,1
3.75,10.5,0.179,0.978,1
3.51,5.1,0.603,0.638,1
2.09,7.8,0.751,0.598,1
3.64,8.4,0.636,0.5,1
0.6,3.0,0.329,0.989,1
2.31,7.0,0.06,0.905,1
1.33,6.1,0.47,0.441,1
1.18,3.0,0.504,0.734,0
3.2,3.8,0.771,0.487,1
0.87,3.0,0.64,0.822,1
2.88,7.6,0.871,0.686,1
1.57,3.0,0.783,0.465,1
14.83,37.4,0.366,0.729,0
0.8,3.0,0.632,0.937,1
0.22,3.0,0.747,0.601,1
6.65,18.0,0.957,0.43,0
10.24,24.5,0.422,0.958,0
3.37,7.6,0.648,0.484,1
0.14,3.0,0.393,0.68,1
0.1,3.0,0.738,0.721,1
0.32,3.0,0.912,0.54,1
6.35,16.0,0.919,0.505,0
10.57,25.5,0.157,0.467,1
0.46,3.0,0.204,0.441,0
0.52,4.0,0.755,0.7,1
0.65,3.0,0.631,0.897,1
5.84,16.0,0.905,0.475,1
2.94,8.6,0.314,0.813,1
2.79,4.2,0.848,0.643,1
0.1,3.0,0.684,0.421,1
1.83,4.2,0.195,0.716,1
2.01,3.6,0.126,0.549,1
0.81,3.0,0.703,0.757,1
0.14,3.0,0.158,0.606,1
3.18,5.2,0.794,0.793,1
3.08,7.2,0.557,0.942,1
1.09,3.0,0.477,0.544,1
5.33,11.7,0.276,0.955,1
4.92,12.5,0.984,0.521,1
3.95,9.0,0.722,0.442,1
1.9,6.9,0.778,0.514,0
14.5,35.9,0.769,0.881,0
0.89,3.6,0.584,0.8,1
1.94,5.3,0.94,0.973,1
5.86,11.8,0.584,0.819,1
4.29,10.5,0.52,0.643,1
2.08,3.0,0.274,0.927,1
2.78,6.7,0.282,0.965,1
5.01,11.0,0.737,0.867,1
1.86,5.4,0.335,0.728,1
0.37,3.0,0.729,0.887,1
0.75,3.0,0.953,0.506,1
2.39,7.1,0.439,0.931,1
0.16,3.0,0.097,0.99,1
3.22,6.5,0.667,0.792,1
0.26,3.0,0.01,0.516,1
1.25,3.5,0.787,0.485,1
3.1,10.9,0.526,0.966,1
0.58,3.0,0.49,0.914,1
2.19,3.6,0.569,0.842,1
16.76,47.5,0.516,0.96,0
0.21,3.0,0.324,0.697,1
2.95,3.6,0.282,0.924,1
3.24,6.9,0.415,0.496,1
3.3,3.0,0.895,0.508,1
8.97,22.9,0.135,0.702,0
3.79,11.1,0.325,0.596,0
9.96,23.1,0.192,0.655,0
2.1,4.3,0.427,0.871,1
2.19,7.3,0.133,0.432,1
10.98,24.0,0.761,0.825,1
2.84,4.4,0.103,0.452,1
1.01,3.0,0.665,0.9,1
4.44,9.6,0.268,0.519,0
3.07,7.1,0.472,0.834,1
3.93,7.3,0.2,0.749,1
2.83,7.5,0.73,0.628,1
5.67,13.9,0.948,0.558,1
1.48,4.8,0.222,0.434,1
0.59,3.0,0.953,0.608,1
0.76,3.0,0.325,0.518,1
3.86,6.8,0.558,0.48,1
3.02,8.5,0.702,0.836,1
9.34,22.7,0.199,0.525,1
2.31,5.4,0.445,0.532,1
0.98,4.5,0.068,0.601,1
13.0,31.1,0.697,0.673,0
7.88,22.4,0.417,0.703,0
5.25,16.0,0.892,0.792,1
7.04,19.1,0.274,0.747,0
1.62,3.0,0.924,0.684,1
0.92,3.0,0.141,0.632,1
1.25,5.3,0.607,0.557,1
6.82,17.3,0.308,0.819,0
4.63,10.1,0.182,0.587,0
0.19,3.0,0.094,0.901,1
3.57,7.2,0.656,0.746,1
1.06,3.0,0.233,0.774,1
10.23,26.6,0.573,0.7,1
4.8,9.8,0.979,0.948,1
3.45,8.4,0.316,0.649,1
2.42,8.2,0.035,0.652,1
0.65,3.0,0.143,0.927,1
3.81,12.0,0.119,0.757,1
2.38,8.2,0.463,0.665,1
5.61,14.0,0.745,0.555,0
1.28,3.0,0.296,0.545,0
3.43,6.4,0.146,0.873,1
0.34,3.0,0.641,0.565,1
0.73,3.0,0.301,0.403,1
0.7,3.0,0.575,0.411,1
1.36,4.1,0.934,0.977,1
6.3,18.7,0.291,0.73,1
1.96,3.8,0.512,0.689,1
2.34,4.6,0.807,0.942,1
0.26,3.0,0.692,0.607,1
1.88,5.4,0.751,0.869,1
2.06,4.8,0.773,0.826,1
1.29,5.3,0.54,0.681,1
3.32,6.7,0.536,0.857,1
2.13,5.6,0.719,0.97,0
0.56,3.0,0.698,0.518,1
2.83,6.3,0.67,0.41,1
2.17,7.1,0.382,0.885,1
1.29,3.5,0.829,0.638,1
0.1,3.0,0.236,0.721,1
1.65,4.5,0.156,0.531,1
7.49,19.5,0.345,0.897,1
5.59,12.7,0.254,0.826,1
2.66,5.4,0.663,0.962,1
0.65,4.1,0.231,0.68,1
4.55,12.7,0.656,0.976,1
5.22,11.0,0.513,0.701,1
0.15,3.0,0.152,0.767,1
7.94,15.1,0.258,0.798,1
8.4,19.9,0.522,0.689,0
0.77,3.8,0.733,0.732,1
1.35,3.1,0.398,0.532,1
0.22,3.0,0.233,0.614,1
4.96,6.4,0.295,0.814,1
2.25,4.8,0.095,0.423,1
3.8,10.2,0.025,0.813,1
3.27,9.1,0.973,0.579,1
4.16,12.3,0.096,0.56,1
1.89,4.3,0.125,0.809,1
0.89,3.0,0.871,0.527,1
1.78,3.0,0.664,0.967,1
0.53,3.0,0.436,0.985,1
12.69,29.2,0.649,0.67,0
1.67,3.0,0.935,0.637,1
0.99,3.0,0.099,0.447,1
1.35,6.4,0.244,0.859,0
1.43,3.0,0.86,0.496,1
2.12,5.7,0.781,0.95,1
2.13,4.3,0.994,0.984,1
1.07,3.0,0.314,0.472,1
2.17,7.3,0.945,0.803,1
12.26,26.3,0.344,0.675,0
0.39,3.0,0.715,0.719,1
0.64,3.0,0.883,0.506,1
10.78,27.4,0.171,0.827,0
5.18,11.5,0.206,0.498,1
10.2,21.8,0.581,0.922,0
3.74,7.7,0.844,0.668,1
6.26,14.2,0.079,0.775,1
0.27,3.0,0.851,0.944,1
5.98,16.9,0.343,0.835,0
2.49,3.8,0.406,0.719,1
6.51,16.9,0.34,0.638,1
2.84,7.4,0.911,0.673,1
0.1,3.0,0.131,0.602,1
1.15,3.0,0.574,0.958,1
0.7,3.3,0.148,0.549,1
4.15,10.0,0.929,0.642,0
3.32,9.2,0.798,0.859,1
1.1,3.0,0.234,0.615,0
1.62,3.0,0.298,0.923,1
0.75,3.0,0.382,0.543,1
0.68,3.0,0.405,0.418,0
0.33,3.0,0.817,0.771,1
2.24,4.6,0.565,0.7,1
0.95,5.4,0.428,0.951,1
1.84,3.7,0.719,0.65,1
2.57,7.3,0.458,0.48,1
2.68,7.9,0.128,0.595,1
0.72,5.2,0.107,0.632,1
1.08,3.0,0.326,0.744,1
0.1,3.0,0.603,0.562,1
1.61,3.0,0.135,0.725,1
4.17,13.5,0.55,0.936,1
0.11,3.0,0.27,0.65,1
5.46,14.6,0.695,0.784,1
6.82,23.3,0.028,0.535,0
2.51,6.9,0.469,0.873,1
5.47,11.1,0.052,0.559,1
1.86,4.2,0.331,0.742,1
0.99,3.0,0.016,0.577,1
0.19,3.0,0.469,0.44,1
0.15,3.0,0.767,0.589,1
5.5,12.6,0.1,0.525,1
8.3,18.0,0.735,0.927,1
2.37,9.1,0.584,0.557,1
6.69,17.3,0.505,0.975,1
3.08,7.2,0.599,0.69,1
5.04,14.1,0.336,0.53,1
2.83,8.0,0.71,0.631,1
2.71,7.3,0.78,0.508,1
1.28,4.6,0.778,0.892,1
2.82,7.3,0.269,0.471,1
0.9,3.6,0.654,0.915,1
0.17,3.0,0.148,0.427,1
2.3,6.1,0.495,0.577,1
0.3,3.0,0.003,0.483,1
1.71,7.3,0.194,0.804,1
0.1,3.0,0.632,0.702,1
2.86,7.9,0.874,0.954,1
1.14,3.7,0.049,0.616,1
0.4,3.0,0.559,0.424,1
1.6,3.0,0.637,0.849,1
1.51,3.1,0.932,0.742,1
4.42,10.1,0.655,0.888,1
7.57,16.0,0.103,0.651,1
4.23,9.3,0.147,0.836,1
0.38,3.0,0.636,0.501,1
0.8,4.5,0.216,0.99,1
19.02,48.7,0.928,0.502,0
1.57,3.0,0.921,0.89,1
1.53,5.1,0.949,0.525,1
5.05,11.5,0.293,0.862,1
4.87,13.1,0.717,0.908,1
0.42,3.0,0.663,0.917,1
2.71,6.4,0.036,0.681,1
0.37,3.0,0.266,0.653,1
5.45,13.6,0.207,0.892,0
0.24,3.3,0.371,0.742,1
2.3,5.7,0.953,0.767,1
6.24,17.8,0.846,0.539,0
1.75,6.3,0.293,0.663,1
3.73,10.7,0.53,0.618,1
2.66,3.1,0.192,0.793,1
6.0,17.2,0.277,0.516,1
9.18,22.0,0.065,0.639,0
3.79,10.9,0.643,0.901,1
7.77,17.5,0.657,0.722,0
1.3,3.0,0.839,0.929,1
2.37,9.9,0.872,0.537,1
1.79,3.0,0.16,0.66,1
8.02,22.3,0.743,0.695,1
5.1,13.0,0.135,0.636,0
1.12,3.0,0.374,0.804,1
1.41,3.4,0.516,0.488,1
9.46,21.1,0.049,0.706,0
0.83,3.0,0.157,0.482,1
1.53,3.0,0.271,0.771,1
1.37,3.0,0.128,0.89,1
0.1,3.0,0.934,0.412,1
2.68,7.2,0.288,0.67,1
1.62,3.0,0.501,0.691,1
0.4,3.0,0.997,0.825,1
0.1,3.0,0.567,0.444,1
1.65,3.1,0.411,0.64,1
5.15,14.4,0.93,0.863,1
4.63,11.2,0.222,0.714,1
0.82,3.0,0.18,0.842,1
1.08,6.4,0.535,0.615,1
1.99,4.9,0.427,0.943,1
0.29,3.0,0.797,0.446,1
3.06,6.8,0.042,0.454,1
0.89,4.6,0.618,0.712,1
6.39,14.9,0.711,0.678,1
3.13,4.7,0.972,0.777,1
1.12,3.0,0.146,0.535,1
4.97,15.1,0.246,0.533,1
6.86,18.8,0.932,0.842,1
2.35,5.4,0.631,0.572,1
0.96,5.2,0.038,0.829,1
9.96,26.4,0.077,0.778,0
6.07,14.6,0.785,0.449,1
7.32,18.0,0.567,0.82,1
3.35,9.0,0.565,0.919,1
3.13,6.2,0.88,0.882,1
3.57,8.9,0.241,0.405,1
0.54,3.0,0.16,0.718,1
2.81,3.7,0.614,0.939,1
0.57,3.0,0.882,0.753,1
0.89,3.0,0.265,0.571,1
1.19,5.0,0.681,0.515,1
4.34,7.2,0.152,0.804,1
2.16,4.6,0.172,0.855,1
2.16,4.4,0.902,0.938,1
3.23,10.0,0.118,0.934,1
2.14,5.3,0.024,0.6,0
3.78,13.0,0.775,0.756,1
0.23,3.0,0.363,0.46,1
1.53,3.0,0.397,0.456,1
2.24,6.1,0.8,0.442,1
0.35,3.0,0.18,0.947,1
1.84,6.3,0.65,0.49,1
1.88,3.0,0.314,0.685,1
3.69,7.6,0.104,0.656,1
1.18,3.9,0.687,0.592,1
3.29,10.7,0.319,0.717,1
4.1,5.9,0.867,0.402,0
3.54,11.6,0.919,0.624,1
0.96,3.0,0.849,0.683,1
3.92,6.0,0.322,0.874,1
3.6,3.0,0.237,0.814,1
1.17,3.0,0.893,0.901,1
0.8,3.0,0.453,0.622,1
1.12,3.0,0.708,0.483,1
0.52,3.0,0.827,0.637,1
2.46,5.1,0.278,0.968,1
2.23,3.3,0.119,0.526,1
1.78,3.6,0.625,0.503,1
1.05,3.0,0.59,0.957,1
0.33,3.0,0.27,0.96,1
6.87,15.6,0.585,0.488,0
2.56,8.2,0.79,0.854,1
4.55,10.1,0.35,0.654,1
5.37,11.7,0.242,0.69,0
4.58,10.4,0.725,0.694,1
1.67,6.3,0.786,0.971,1
3.0,7.2,0.954,0.509,1
0.14,3.0,0.148,0.856,0
5.11,14.6,0.889,0.403,1
7.14,22.1,0.765,0.771,1
8.21,21.0,0.702,0.785,1
0.83,4.6,0.313,0.845,1
0.75,3.9,0.022,0.946,1
2.05,3.9,0.508,0.845,1
3.07,7.7,0.286,0.832,1
2.76,4.3,0.29,0.55,0
6.0,14.6,0.927,0.986,1
2.27,4.4,0.153,0.676,1
2.18,4.6,0.934,0.646,0
2.33,4.3,0.504,0.696,1
1.7,3.7,0.838,0.632,1
1.65,5.2,0.284,0.75,1
1.16,3.0,0.634,0.606,1
0.46,3.0,0.557,0.542,1
0.92,3.0,0.924,0.948,1
0.45,3.0,0.179,0.947,1
2.01,5.5,0.205,0.693,1
10.97,28.4,0.949,0.968,1
2.64,7.1,0.098,0.645,0
2.36,4.3,0.635,0.629,1
2.46,6.6,0.061,0.941,1
0.75,3.0,0.077,0.773,1
2.0,3.0,0.597,0.85,1
0.69,3.2,0.551,0.644,1
3.28,9.8,0.573,0.64,1
5.55,15.8,0.474,0.449,1
0.74,3.0,0.742,0.97,1
8.19,22.8,0.992,0.534,1
6.66,15.7,0.276,0.692,1
0.1,3.0,0.323,0.468,1
1.35,3.0,0.323,0.782,1
0.64,3.0,0.763,0.631,1
0.51,3.0,0.348,0.853,1
5.29,12.6,0.677,0.712,1
3.77,9.6,0.446,0.476,1
1.99,4.1,0.608,0.406,1
4.89,15.7,0.829,0.525,1
4.35,8.5,0.514,0.827,1
0.28,3.0,0.475,0.889,1
0.25,3.0,0.267,0.601,1
4.26,9.5,0.516,0.716,1
0.31,3.0,0.262,0.542,1
5.66,17.1,0.844,0.919,0
3.11,6.4,0.389,0.969,1
3.83,8.1,0.129,0.844,1
1.6,3.0,0.24,0.452,0
0.94,5.0,0.535,0.658,1
1.22,5.3,0.916,0.984,1
0.38,3.0,0.301,0.535,1
1.28,3.0,0.264,0.796,1
3.52,6.2,0.407,0.954,1
6.2,15.8,0.968,0.856,1
0.19,3.0,0.845,0.759,1
5.93,10.7,0.15,0.699,0
9.15,22.2,0.614,0.948,1
7.89,23.0,0.792,0.633,1
2.37,5.5,0.768,0.932,1
5.91,17.7,0.489,0.654,1
4.3,12.1,0.732,0.846,1
2.28,3.5,0.584,0.94,1
2.5,5.7,0.201,0.725,1
0.53,3.0,0.056,0.583,1
5.19,11.1,0.369,0.43,0
0.24,3.0,0.062,0.877,1
3.45,11.6,0.395,0.767,1
11.62,27.1,0.829,0.555,0
4.28,12.9,0.844,0.918,1
2.42,5.2,0.034,0.943,1
1.43,3.5,0.07,0.923,0
5.66,15.3,0.67,0.755,1
0.28,3.0,0.5,0.976,1
2.03,6.2,0.149,0.916,1
4.47,7.1,0.806,0.462,1
1.23,3.9,0.216,0.979,0
1.48,3.0,0.078,0.724,0
0.28,3.0,0.75,0.943,1
0.49,3.0,0.608,0.849,1
0.1,3.0,0.394,0.782,1
1.28,3.0,0.693,0.593,1
2.21,3.2,0.911,0.416,1
1.19,3.0,0.034,0.563,1
1.05,3.0,0.628,0.805,1
3.47,4.6,0.218,0.909,1
8.3,20.7,0.474,0.401,0
2.26,6.3,0.424,0.523,1
2.36,5.3,0.39,0.797,1
1.0,3.5,0.19,0.567,1
1.4,4.0,0.803,0.484,1
1.24,3.0,0.38,0.448,1
9.19,19.1,0.887,0.776,1
3.73,9.6,0.355,0.751,1
4.61,9.6,0.84,0.907,1
0.64,3.0,0.544,0.586,1
5.19,13.9,0.386,0.481,1
1.75,7.2,0.704,0.872,1
0.45,3.0,0.787,0.983,1
3.08,8.8,0.483,0.613,1
0.48,3.0,0.425,0.911,1
1.81,5.0,0.577,0.85,1
0.4,3.0,0.585,0.938,1
2.36,8.4,0.425,0.65,1
0.68,3.0,0.758,0.46,1
0.72,3.0,0.4,0.47,1
0.49,3.3,0.453,0.85,1
0.13,3.0,0.605,0.909,1
0.4,3.0,0.987,0.67,1
4.47,16.3,0.261,0.435,0
1.42,3.0,0.232,0.439,1
5.37,13.3,0.177,0.753,1
8.01,20.7,0.689,0.942,1
8.68,22.2,0.449,0.636,1
0.22,3.0,0.389,0.784,1
2.35,5.5,0.204,0.72,1
0.32,3.0,0.891,0.925,1
6.37,13.7,0.443,0.891,1
4.55,15.7,0.608,0.518,1
1.35,3.0,0.113,0.8,1
1.47,4.9,0.108,0.9,1
2.44,5.4,0.067,0.949,1
3.52,8.1,0.367,0.748,1
5.58,13.0,0.473,0.504,1
0.35,3.0,0.245,0.729,1
2.47,5.9,0.35,0.793,1
1.44,3.0,0.006,0.561,1
0.96,4.7,0.351,0.974,1
3.69,6.8,0.119,0.535,1
1.54,3.0,0.128,0.938,1
4.24,8.8,0.005,0.651,0
5.26,16.0,0.696,0.4,1
1.42,3.0,0.931,0.721,1
0.1,3.0,0.622,0.771,1
10.58,28.4,0.096,0.913,1
3.67,8.9,0.99,0.719,1
6.81,14.3,0.976,0.456,1
0.28,3.0,0.468,0.947,1
0.42,3.0,0.108,0.734,1
0.18,3.0,0.721,0.56,1
0.74,3.0,0.961,0.93,1
0.1,3.0,0.779,0.471,1
6.29,16.5,0.624,0.458,0
1.13,3.8,0.611,0.716,1
4.79,10.1,0.978,0.769,1
5.36,11.4,0.073,0.701,1
5.32,14.7,0.15,0.948,0
1.99,3.7,0.831,0.555,1
10.56,20.9,0.145,0.984,1
6.65,17.9,0.383,0.411,0
9.58,21.9,0.281,0.47,1
2.66,7.6,0.243,0.51,1
6.13,18.1,0.026,0.447,0
1.84,4.6,0.566,0.659,1
3.97,11.9,0.401,0.911,1
3.61,9.3,0.552,0.884,1
0.22,3.7,0.305,0.839,1
0.68,3.0,0.941,0.404,1
4.65,11.6,0.591,0.911,1
0.1,3.0,0.961,0.634,1
4.39,10.6,0.35,0.832,1
2.65,8.9,0.002,0.829,1
14.11,34.4,0.781,0.505,0
0.1,4.4,0.827,0.704,1
2.17,9.7,0.059,0.946,1
9.53,24.4,0.625,0.555,1
0.1,3.0,0.661,0.822,1
3.19,10.4,0.146,0.965,1
1.3,3.0,0.553,0.613,1
0.87,3.0,0.243,0.629,0
4.07,12.7,0.016,0.667,0
1.88,5.2,0.867,0.877,1
2.55,5.9,0.492,0.659,1
0.1,3.0,0.782,0.687,1
2.35,3.0,0.723,0.531,1
0.24,3.0,0.994,0.983,1
1.97,3.4,0.438,0.926,1
0.27,3.0,0.428,0.754,1
3.3,10.2,0.282,0.967,1
0.57,3.0,0.625,0.805,1
0.1,3.0,0.486,0.966,1
5.12,9.8,0.729,0.495,1
0.73,3.0,0.357,0.533,1
0.1,3.0,0.131,0.922,1
3.59,11.5,0.862,0.648,1
2.24,9.8,0.828,0.619,1
2.83,3.7,0.351,0.845,1
6.16,14.6,0.69,0.772,1
0.61,3.0,0.492,0.603,1
0.85,3.0,0.761,0.635,1
4.12,10.3,0.39,0.641,0
1.36,3.0,0.536,0.475,1
0.88,4.3,0.058,0.535,1
5.03,10.4,0.175,0.717,1
1.3,3.0,0.782,0.861,1
1.25,3.0,0.382,0.647,1
8.78,21.2,0.035,0.626,0
0.1,3.0,0.168,0.784,1
9.01,22.4,0.412,0.493,0
1.21,3.0,0.718,0.625,1
9.81,23.0,0.363,0.523,0
0.42,3.0,0.745,0.784,1
2.57,6.3,0.858,0.466,1
4.03,12.2,0.341,0.664,1
4.18,10.0,0.8,0.752,0
0.29,3.0,0.127,0.892,1
0.27,3.0,0.415,0.827,1
2.9,7.2,0.098,0.956,1
0.29,3.0,0.053,0.801,1
4.83,11.3,0.065,0.606,0
5.64,15.1,0.105,0.537,1
0.46,3.0,0.836,0.433,1
4.4,12.5,0.544,0.564,1
0.15,3.0,0.947,0.481,1
9.42,25.2,0.538,0.618,0
2.21,5.7,0.629,0.815,0
3.95,12.9,0.184,0.808,1
3.91,7.5,0.541,0.588,1
3.21,5.1,0.385,0.7,1
2.68,5.5,0.931,0.528,1
0.1,3.0,0.934,0.697,1
6.03,12.3,0.198,0.701,1
2.77,8.2,0.62,0.578,1
0.86,3.0,0.638,0.553,1
1.27,3.0,0.563,0.978,1
1.35,3.0,0.124,0.717,1
0.2,3.0,0.654,0.732,1
0.63,4.9,0.799,0.405,1
0.1,3.0,0.345,0.507,1
2.68,4.1,0.515,0.61,1
1.61,5.6,0.116,0.97,1
9.59,23.5,0.931,0.503,1
0.81,6.1,0.11,0.579,1
2.57,5.4,0.208,0.984,0
0.21,3.0,0.298,0.684,1
1.08,4.9,0.826,0.588,1
2.84,6.1,0.701,0.774,1
9.09,21.2,0.007,0.693,0
9.81,26.0,0.184,0.965,0
0.15,3.0,0.75,0.449,1
2.92,4.5,0.404,0.866,1
0.76,3.0,0.026,0.565,1
6.27,10.6,0.964,0.876,1
4.02,11.2,0.151,0.9,1
0.71,3.0,0.51,0.901,0
1.48,3.4,0.248,0.911,0
0.1,3.0,0.737,0.824,1
1.56,3.0,0.777,0.484,1
2.37,5.0,0.397,0.431,1
1.94,3.5,0.658,0.601,1
3.9,10.0,0.909,0.692,1
0.44,3.0,0.815,0.579,1
5.28,17.7,0.415,0.838,1
1.42,3.5,0.441,0.826,1
1.48,5.9,0.887,0.973,1
1.06,3.0,0.034,0.636,0
4.53,8.0,0.023,0.864,1
1.54,3.2,0.206,0.837,1
1.11,3.0,0.828,0.983,1
3.02,7.6,0.153,0.856,1
3.05,6.1,0.285,0.567,1
1.19,3.0,0.629,0.409,0
5.77,17.9,0.184,0.971,0
1.44,3.0,0.303,0.822,1
3.89,6.5,0.467,0.879,1
1.05,4.4,0.228,0.868,1
4.56,10.0,0.992,0.834,1
4.44,13.3,0.163,0.843,1
3.79,8.0,0.85,0.948,0
4.8,10.9,0.47,0.939,1
2.57,7.1,0.129,0.624,1
0.61,3.0,0.118,0.418,1
2.14,6.9,0.5,0.423,1
0.71,3.0,0.354,0.664,1
2.88,8.3,0.235,0.893,1
0.36,3.0,0.959,0.9,1
2.53,6.7,0.463,0.639,1
0.47,3.0,0.929,0.578,1
2.66,3.8,0.164,0.699,1
12.29,31.9,0.183,0.891,0
3.44,8.7,0.596,0.776,1
1.1,3.0,0.27,0.482,1
0.82,4.6,0.185,0.614,1
1.62,3.0,0.095,0.728,1
2.15,8.7,0.076,0.718,1
2.79,6.9,0.753,0.89,1
0.87,3.0,0.282,0.95,0
3.01,6.7,0.978,0.459,1
0.55,3.0,0.183,0.532,1
7.8,19.2,0.354,0.631,1
3.93,10.5,0.375,0.575,1
1.94,6.2,0.5,0.641,1
3.44,8.2,0.871,0.424,1
0.51,3.0,0.835,0.439,1
5.87,11.6,0.01,0.895,1
6.94,21.5,0.409,0.461,0
0.65,3.0,0.828,0.886,1
0.12,3.1,0.0,0.581,1
1.31,3.0,0.534,0.582,1
3.32,7.9,0.259,0.459,1
10.75,28.1,0.413,0.408,0
1.22,3.0,0.42,0.61,1
1.2,6.2,0.392,0.893,1
0.38,3.0,0.892,0.943,1
6.06,16.1,0.536,0.436,1
9.35,22.8,0.904,0.418,0
0.22,3.0,0.727,0.494,1
0.28,3.9,0.351,0.852,1
0.91,3.0,0.494,0.521,1
6.68,20.2,0.39,0.536,1
14.43,34.8,0.829,0.924,1
1.31,4.8,0.188,0.916,1
4.19,11.5,0.936,0.795,1
2.68,4.6,0.58,0.497,0
0.73,3.0,0.612,0.625,1
2.38,6.0,0.517,0.539,1
8.73,20.1,0.554,0.796,0
4.29,11.5,0.668,0.86,1
4.51,11.6,0.655,0.484,1
4.11,10.1,0.214,0.93,1
0.45,3.0,0.582,0.673,1
2.13,5.2,0.355,0.869,0
3.49,8.0,0.637,0.43,1
2.26,5.9,0.548,0.613,1
0.1,3.0,0.18,0.409,1
0.28,6.0,0.735,0.824,1
7.04,14.8,0.457,0.447,1
4.25,9.5,0.551,0.6,1
4.06,9.1,0.673,0.861,1
6.48,20.3,0.653,0.842,1
3.64,6.5,0.749,0.778,1
11.36,29.3,0.207,0.809,0
7.06,18.1,0.11,0.784,1
0.95,3.0,0.669,0.778,1
1.24,5.6,0.236,0.606,1
2.23,8.0,0.115,0.417,0
0.93,3.0,0.131,0.661,1
5.87,15.1,0.313,0.427,1
0.58,3.0,0.992,0.677,1
2.67,6.9,0.157,0.674,0
4.1,8.7,0.299,0.505,0
2.68,6.3,0.921,0.863,1
0.88,3.0,0.963,0.815,1
2.06,6.0,0.229,0.73,1
0.46,3.0,0.88,0.946,1
2.19,5.8,0.139,0.569,1
2.43,3.6,0.762,0.555,1
2.09,3.5,0.013,0.508,1
2.37,8.2,0.407,0.721,1
0.85,3.3,0.247,0.521,1
10.13,27.6,0.704,0.913,0
3.88,12.8,0.016,0.58,1
2.91,5.7,0.465,0.69,1
3.25,11.1,0.697,0.712,1
1.43,3.0,0.047,0.582,1
7.75,20.9,0.897,0.836,1
0.46,3.0,0.361,0.808,1
0.13,3.0,0.165,0.849,1
3.34,9.6,0.225,0.757,1
2.61,8.4,0.339,0.672,1
1.19,4.8,0.198,0.665,1
11.89,30.2,0.511,0.823,1
3.74,9.6,0.633,0.622,1
2.17,6.5,0.433,0.658,1
4.7,12.4,0.427,0.497,1
0.53,3.0,0.782,0.801,1
1.25,3.5,0.301,0.445,1
0.67,3.4,0.623,0.984,1
0.71,3.0,0.893,0.485,1
4.53,11.1,0.222,0.626,1
1.9,3.0,0.62,0.54,1
2.46,6.7,0.948,0.571,1
1.11,6.1,0.53,0.59,1
0.4,3.0,0.977,0.824,1
0.91,3.0,0.31,0.504,1
0.94,3.9,0.564,0.556,1
2.83,3.0,0.311,0.46,1
3.91,8.7,0.004,0.596,1
12.53,32.1,0.997,0.955,0
6.7,10.9,0.24,0.624,1
13.7,32.3,0.973,0.859,0
4.64,13.8,0.653,0.672,1
0.1,3.0,0.904,0.665,1
0.35,3.0,0.967,0.886,1
2.72,8.6,0.568,0.416,1
2.08,5.6,1.0,0.91,1
0.75,3.0,0.767,0.686,1
0.78,3.0,0.524,0.607,1
4.05,10.4,0.655,0.935,1
1.33,3.0,0.194,0.601,1
4.15,12.9,0.011,0.977,1
3.73,12.4,0.257,0.952,1
1.54,6.6,0.435,0.558,1
2.34,5.0,0.228,0.601,1
1.13,3.0,0.514,0.879,1
2.85,9.7,0.658,0.515,1
7.87,20.8,0.656,0.832,1
4.5,11.9,0.894,0.476,1
3.0,6.2,0.966,0.521,1
4.16,11.2,0.891,0.695,1
1.64,3.0,0.62,0.84,1
1.62,5.3,0.206,0.836,1
0.45,3.9,0.943,0.759,1
1.46,6.9,0.175,0.561,1
2.37,7.3,0.151,0.645,0
1.29,3.0,0.318,0.545,1
0.2,3.0,0.574,0.563,1
0.14,4.6,0.681,0.591,1
1.07,3.0,0.013,0.753,1
0.71,3.0,0.778,0.522,1
1.86,7.5,0.175,0.425,1
2.74,8.1,0.296,0.809,1
2.67,11.6,0.322,0.413,1
0.63,3.0,0.332,0.973,1
4.49,9.3,0.76,0.607,1
7.15,20.3,0.041,0.404,0
2.85,4.7,0.197,0.922,1
2.39,5.6,0.022,0.754,1
0.64,3.0,0.778,0.882,1
0.1,3.0,0.984,0.657,1
4.04,11.3,0.66,0.609,1
7.73,20.2,0.59,0.787,1
9.03,21.8,0.908,0.64,1
0.16,3.0,0.255,0.728,1
3.34,16.4,0.066,0.564,1
1.89,6.1,0.51,0.596,1
0.1,3.0,0.26,0.448,1
1.52,3.0,0.451,0.861,1
0.85,3.0,0.456,0.606,1
2.23,5.2,0.319,0.975,1
3.36,7.3,0.486,0.553,1
2.21,5.5,0.38,0.68,1
2.83,10.6,0.113,0.58,1
2.72,9.3,0.867,0.809,1
0.1,3.0,0.701,0.877,1
10.17,23.0,0.041,0.687,0
4.68,14.4,0.116,0.616,1
0.1,3.0,0.097,0.839,1
0.75,3.0,0.062,0.513,1
0.8,3.4,0.059,0.754,1
0.35,3.0,0.157,0.833,0
0.24,3.0,0.848,0.559,1
2.08,3.5,0.828,0.787,1
0.35,3.0,0.783,0.834,0
4.22,12.0,0.615,0.469,1
2.09,4.2,0.723,0.591,1
0.76,3.0,0.738,0.64,1
3.92,11.2,0.889,0.858,1
3.39,7.5,0.732,0.735,1
8.58,22.5,0.736,0.665,0
0.52,3.0,0.804,0.588,1
0.44,3.0,0.556,0.402,1
0.48,3.0,0.213,0.412,1
1.33,3.8,0.085,0.542,1
5.52,15.7,0.419,0.469,1
9.55,22.8,0.092,0.471,0
2.72,5.2,0.169,0.756,1
5.01,15.2,0.024,0.757,1
12.5,28.2,0.3,0.426,0
0.1,3.0,0.97,0.75,1
7.22,20.7,0.379,0.486,1
1.13,4.6,0.241,0.623,1
0.1,3.0,0.403,0.984,1
1.49,3.0,0.301,0.708,1
8.58,21.0,0.674,0.42,1
1.56,3.0,0.634,0.605,1
2.13,3.4,0.027,0.796,1
0.82,3.3,0.511,0.533,1
0.1,3.0,0.036,0.969,1
7.17,15.8,0.677,0.651,1
2.57,7.8,0.936,0.412,1
0.21,3.0,0.907,0.719,1
2.99,10.5,0.206,0.799,1
0.82,3.2,0.743,0.669,1
0.17,3.0,0.793,0.948,1
1.4,4.5,0.864,0.932,1
5.3,15.2,0.26,0.482,1
6.27,13.1,0.451,0.447,1
3.72,9.1,0.222,0.584,1
3.13,7.7,0.024,0.759,0
0.77,3.0,0.659,0.755,1
0.47,3.0,0.431,0.56,1
5.03,13.8,0.248,0.961,1
1.36,4.2,0.847,0.581,1
7.88,19.4,0.496,0.874,1
2.41,4.5,0.995,0.891,1
3.83,11.8,0.793,0.458,1
3.12,8.5,0.869,0.537,1
1.95,3.0,0.773,0.527,1
0.1,3.0,0.106,0.943,1
0.43,3.0,0.065,0.607,1
0.7,3.0,0.915,0.894,1
0.22,3.0,0.138,0.682,1
0.41,3.0,0.391,0.67,1
2.43,9.2,0.61,0.933,1
2.71,4.5,0.212,0.66,1
3.69,10.6,0.225,0.839,1
0.61,5.9,0.466,0.65,1
4.7,13.9,0.361,0.46,1
0.7,3.0,0.677,0.431,1
0.1,3.0,0.075,0.523,1
1.48,3.0,0.489,0.826,1
0.6,3.0,0.174,0.62,1
2.68,5.3,0.607,0.668,1
7.64,17.6,0.116,0.46,0
1.72,3.7,0.198,0.768,1
7.45,18.4,0.804,0.874,1
1.4,4.5,0.235,0.769,1
0.1,3.0,0.737,0.981,1
7.18,16.6,0.273,0.41,0
1.91,4.5,0.235,0.409,1
5.81,14.1,0.299,0.695,1
0.71,5.4,0.881,0.557,1
2.37,6.4,0.397,0.805,1
0.25,3.0,0.244,0.868,1
2.79,7.8,0.537,0.46,0
1.5,4.8,0.386,0.941,1
4.93,12.1,0.79,0.418,1
2.81,4.6,0.99,0.806,1
2.94,10.9,0.527,0.627,1
1.34,3.0,0.452,0.794,1
3.17,9.2,0.343,0.458,1
4.11,10.7,0.973,0.953,1
2.23,6.8,0.483,0.953,0
5.29,16.6,0.178,0.706,0
0.79,3.1,0.969,0.701,1
2.07,4.1,0.961,0.775,1
2.9,9.5,0.436,0.742,0
1.29,3.0,0.348,0.721,1
0.67,3.0,0.68,0.748,1
0.3,3.0,0.829,0.907,1
2.61,4.5,0.499,0.761,1
0.82,3.0,0.331,0.516,1
0.19,3.0,0.301,0.939,1
2.49,3.0,0.327,0.527,1
0.33,3.0,0.118,0.497,1
6.23,13.9,0.779,0.988,1
0.25,3.2,0.105,0.526,1
4.08,9.5,0.398,0.459,1
2.98,5.2,0.835,0.732,1
0.15,3.0,0.404,0.888,1
1.3,3.0,0.295,0.436,0
5.08,15.2,0.948,0.689,1
0.49,3.0,0.127,0.44,1
1.85,4.3,0.885,0.653,0
5.14,14.0,0.062,0.603,1
0.55,3.0,0.414,0.481,1
0.84,3.0,0.632,0.949,1
0.31,3.0,0.37,0.775,1
7.1,15.5,0.535,0.897,0
0.27,3.0,0.204,0.935,1
8.86,23.8,0.569,0.949,1
1.45,4.7,0.135,0.841,1
4.57,8.9,0.796,0.581,1
3.97,8.7,0.584,0.889,1
2.78,5.2,0.482,0.707,1
1.64,7.6,0.055,0.56,0
2.65,8.4,0.5,0.628,1
1.1,3.0,0.564,0.578,1
3.13,9.0,0.266,0.675,1
0.1,3.0,0.678,0.861,1
0.2,3.0,0.077,0.686,1
0.32,3.0,0.209,0.558,1
0.52,3.0,0.738,0.452,1
0.79,3.0,0.147,0.905,1
5.15,13.4,0.246,0.646,0
10.68,26.9,0.651,0.661,0
0.59,3.0,0.729,0.851,1
0.2,3.0,0.051,0.901,1
0.66,3.0,0.127,0.702,1
3.41,9.0,0.446,0.773,1
5.1,13.6,0.593,0.541,1
1.51,4.2,0.454,0.952,1
1.4,3.0,0.647,0.735,1
2.59,4.5,0.756,0.825,1
3.62,9.9,0.95,0.467,1
2.29,8.7,0.35,0.776,1
0.1,3.0,0.163,0.618,1
11.24,27.3,0.264,0.666,1
1.44,4.0,0.148,0.802,1
1.77,3.0,0.394,0.87,1
0.27,3.3,0.873,0.606,1
0.17,3.0,0.347,0.915,1
0.2,3.0,0.149,0.529,1
2.13,5.0,0.523,0.732,1
0.18,3.0,0.992,0.489,1
9.03,25.2,0.188,0.571,0
1.87,4.3,0.778,0.928,1
1.82,4.9,0.823,0.407,1
5.36,14.5,0.401,0.94,1
1.77,3.0,0.62,0.594,1
0.61,3.0,0.432,0.811,1
3.14,8.4,0.262,0.454,1
0.1,3.0,0.426,0.778,1
0.36,3.0,0.095,0.937,1
2.53,6.2,0.707,0.728,1
0.1,3.0,0.829,0.614,1
2.27,5.8,0.307,0.868,1
5.75,14.9,0.566,0.821,1
12.8,34.7,0.232,0.469,0
4.34,8.5,0.127,0.793,1
0.64,3.0,0.664,0.792,1
1.2,4.3,0.134,0.844,1
0.91,3.2,0.782,0.587,1
0.98,3.4,0.272,0.637,1
3.23,13.6,0.819,0.966,1
5.44,14.8,0.369,0.738,1
1.27,5.4,0.369,0.7,1
0.1,3.0,0.751,0.982,1
0.96,3.0,0.51,0.535,1
2.13,4.7,0.201,0.635,1
0.71,3.2,0.85,0.848,1
1.27,4.0,0.34,0.821,1
5.05,13.4,0.103,0.97,1
0.82,3.0,0.416,0.786,1
1.87,3.9,0.574,0.585,1
2.06,4.8,0.61,0.635,1
5.36,14.9,0.836,0.453,1
1.44,5.3,0.541,0.945,1
2.39,4.0,0.224,0.476,1
1.19,4.5,0.262,0.722,1
1.29,3.0,0.101,0.637,0
13.52,34.7,0.736,0.479,0
1.96,4.5,0.106,0.573,1
10.99,30.6,0.606,0.774,1
1.66,3.3,0.597,0.418,1
0.14,3.0,0.786,0.97,1
0.3,3.0,0.075,0.936,0
0.11,3.0,0.203,0.45,1
3.01,7.4,0.91,0.912,1
2.37,5.4,0.572,0.594,1
0.7,3.0,0.458,0.44,1
3.66,8.3,0.748,0.581,1
4.79,14.2,0.903,0.877,1
2.37,4.7,0.263,0.793,1
1.6,5.1,0.901,0.541,1
1.19,3.6,0.109,0.824,1
0.68,3.0,0.978,0.818,1
1.95,5.9,0.165,0.838,1
2.73,4.0,0.266,0.719,1
1.88,6.0,0.097,0.883,1
2.12,4.3,0.804,0.778,1
10.28,25.7,0.984,0.474,0
7.93,17.2,0.297,0.878,0
1.45,3.9,0.326,0.591,1
0.87,4.0,0.279,0.816,1
20.0,48.4,0.155,0.798,0
0.35,3.0,0.787,0.598,1
3.38,9.4,0.061,0.495,1
5.06,13.6,0.968,0.81,1
0.1,3.0,0.927,0.901,1
8.69,25.8,0.118,0.895,1
1.75,5.4,0.53,0.77,1
3.18,9.3,0.993,0.534,1
0.5,3.0,0.853,0.587,1
9.27,19.5,0.715,0.845,1
5.05,14.0,0.022,0.642,1
2.94,6.2,0.068,0.832,1
1.08,3.8,0.794,0.583,1
3.23,7.6,0.376,0.404,1
3.69,9.7,0.668,0.756,1
10.84,25.5,0.739,0.755,0
0.38,3.0,0.422,0.77,1
1.82,3.0,0.143,0.558,0
0.75,6.4,0.387,0.879,1
0.96,6.9,0.871,0.688,1
8.32,24.1,0.331,0.85,0
0.31,3.3,0.063,0.761,1
4.76,11.7,0.959,0.645,1
9.82,26.9,0.681,0.801,1
0.1,3.0,0.541,0.739,1
0.82,3.0,0.829,0.701,1
1.26,6.2,0.411,0.783,1
0.37,3.2,0.985,0.451,1
0.22,3.0,0.858,0.937,1
0.81,3.0,0.281,0.598,1
0.58,3.0,0.371,0.533,1
3.35,4.7,0.276,0.855,1
3.33,10.2,0.659,0.536,1
3.49,5.5,0.639,0.988,1
8.24,21.2,0.523,0.648,0
0.26,3.0,0.966,0.575,1
2.0,3.0,0.472,0.437,0
1.78,4.9,0.784,0.425,0
8.57,20.8,0.658,0.456,1
0.69,3.4,0.518,0.403,1
4.09,7.7,0.042,0.593,1
0.6,3.0,0.657,0.583,1
0.26,3.0,0.643,0.654,1
2.84,3.0,0.125,0.537,1
2.79,10.6,0.796,0.437,1
9.51,27.9,0.467,0.442,0
0.33,3.0,0.324,0.507,1
1.3,3.0,0.824,0.587,1
7.17,17.3,0.343,0.487,0
2.57,8.2,0.622,0.615,1
4.3,9.7,0.618,0.944,1
0.33,3.0,0.053,0.554,1
0.1,3.0,0.423,0.499,1
1.97,3.8,0.223,0.792,1
1.09,3.0,0.2,0.69,1
3.27,8.8,0.655,0.428,0
4.88,10.2,0.011,0.865,1
7.45,19.5,0.969,0.822,1
7.69,18.3,0.395,0.977,1
3.61,9.3,0.299,0.954,1
0.28,3.5,0.92,0.745,1
1.14,3.0,0.487,0.805,1
2.36,7.7,0.614,0.642,1
8.41,17.4,0.696,0.924,1
0.1,3.0,0.871,0.726,1
4.73,11.9,0.13,0.592,1
0.94,6.2,0.082,0.406,1
0.47,3.0,0.994,0.746,1
0.37,3.0,0.009,0.71,1
1.58,6.9,0.708,0.879,1
7.38,16.9,0.611,0.51,0
3.64,8.7,0.553,0.881,1
5.57,14.6,0.786,0.409,1
2.82,7.4,0.992,0.747,1
2.08,8.3,0.047,0.634,1
15.97,40.8,0.615,0.596,0
5.49,16.4,0.717,0.656,1
6.85,16.4,0.306,0.532,1
0.1,3.0,0.893,0.508,1
0.17,3.0,0.457,0.875,1
2.89,4.9,0.164,0.534,1
6.99,18.5,0.854,0.835,1
3.84,8.8,0.943,0.82,1
0.1,3.0,0.1,0.42,1
4.15,11.4,0.752,0.92,0
4.83,9.8,0.215,0.866,1
12.99,34.0,0.007,0.87,0
0.1,3.0,0.261,0.877,1
0.29,3.1,0.855,0.744,1
5.78,13.7,0.141,0.986,1
3.46,9.9,0.131,0.506,1
1.47,4.0,0.739,0.443,1
2.05,6.6,0.406,0.815,1
2.39,6.2,0.148,0.573,1
7.5,15.4,0.23,0.759,1
5.9,16.8,0.795,0.631,1
2.04,4.9,0.623,0.597,1
1.8,6.1,0.761,0.927,1
1.5,5.1,0.098,0.484,1
2.63,5.0,0.458,0.512,1
4.73,10.0,0.797,0.794,1
4.11,11.6,0.266,0.862,1
6.68,16.1,0.169,0.891,1
2.78,8.8,0.382,0.536,1
3.21,7.7,0.333,0.92,1
1.9,6.8,0.185,0.76,1
6.57,17.3,0.954,0.886,1
13.79,35.0,0.483,0.44,0
1.53,3.1,0.608,0.611,1
3.75,9.8,0.121,0.71,0
0.69,4.1,0.61,0.74,1
2.72,6.7,0.555,0.458,1
4.3,11.8,0.932,0.718,1
1.07,3.0,0.412,0.793,1
1.92,5.1,0.782,0.613,1
10.0,28.4,0.304,0.695,0
0.1,3.0,0.579,0.573,1
6.74,17.0,0.927,0.914,1
10.76,27.3,0.625,0.754,1
3.37,7.0,0.711,0.725,1
3.23,7.7,0.876,0.957,1
1.65,4.7,0.925,0.792,1
6.42,17.8,0.208,0.565,0
3.27,9.7,0.196,0.779,1
2.65,4.4,0.55,0.967,1
2.07,7.1,0.996,0.414,1
3.43,8.4,0.49,0.77,1
0.1,3.0,0.331,0.493,1
1.2,5.7,0.537,0.882,1
2.37,8.8,0.064,0.778,1
2.61,7.1,0.177,0.953,1
1.9,6.2,0.149,0.795,1
6.69,18.3,0.028,0.41,0
3.52,11.6,0.722,0.701,0
2.85,8.6,0.325,0.933,1
10.16,22.7,0.169,0.537,0
6.14,19.4,0.512,0.449,1
7.26,20.3,0.323,0.825,1
5.68,13.2,0.393,0.696,1
3.76,7.3,0.316,0.428,1
4.65,12.6,0.004,0.565,0
1.38,3.0,0.688,0.593,1
0.56,3.0,0.111,0.794,1
4.02,11.5,0.219,0.678,1
0.32,3.0,0.19,0.687,1
3.15,5.6,0.331,0.876,1
0.17,3.0,0.16,0.564,1
3.23,7.0,0.347,0.797,1
0.49,3.0,0.243,0.617,1
1.72,3.0,0.061,0.647,1
0.96,3.0,0.871,0.728,1
2.0,6.4,0.306,0.81,1
1.53,5.0,0.095,0.958,1
0.37,3.0,0.522,0.559,1
0.34,3.0,0.123,0.461,1
0.18,3.0,0.773,0.653,1
2.22,6.7,0.062,0.723,1
0.26,3.0,0.465,0.535,1
1.23,3.0,0.944,0.925,1
1.15,3.5,0.159,0.871,1
1.33,6.3,0.201,0.691,0
2.46,6.6,0.6,0.666,1
0.81,3.0,0.98,0.424,1
1.45,4.0,0.386,0.717,1
14.19,39.6,0.649,0.751,0
5.53,11.2,0.152,0.926,1
7.7,19.3,0.641,0.696,0
1.66,3.7,0.253,0.493,1
0.86,3.0,0.613,0.506,1
2.15,5.8,0.089,0.494,1
1.38,5.7,0.525,0.954,1
6.01,15.2,0.237,0.868,1
6.61,19.1,0.682,0.887,1
2.9,7.0,0.748,0.896,1
2.04,4.4,0.848,0.456,1
1.62,3.0,0.992,0.814,1
2.43,3.0,0.459,0.816,1
0.51,3.0,0.671,0.533,1
7.19,22.1,0.018,0.689,0
1.1,3.7,0.905,0.791,1
1.03,4.0,0.616,0.929,1
10.24,24.8,0.421,0.465,0
7.8,19.0,0.434,0.926,1
4.07,12.1,0.758,0.944,0
0.65,5.6,0.833,0.945,1
3.09,10.7,0.808,0.403,0
3.08,9.3,0.511,0.53,1
0.55,3.0,0.371,0.808,1
0.42,3.0,0.946,0.59,1
0.59,3.0,0.634,0.436,1
2.49,3.3,0.544,0.85,1
0.43,3.0,0.598,0.417,0
0.65,3.0,0.63,0.663,1
1.5,3.2,0.713,0.959,1
2.01,3.0,0.553,0.66,1
3.53,8.7,0.875,0.938,1
0.63,3.0,0.86,0.641,1
8.59,19.1,0.442,0.605,0
1.02,3.0,0.169,0.463,1
3.93,9.2,0.577,0.611,1
0.1,3.0,0.621,0.599,1
1.91,6.6,0.523,0.899,0
1.05,3.0,0.891,0.943,1
4.79,8.0,0.093,0.413,1
6.79,17.0,0.287,0.458,1
3.29,8.4,0.866,0.78,1
16.67,42.5,0.939,0.686,0
0.36,3.0,0.426,0.575,1
2.85,5.3,0.193,0.553,0
1.47,3.7,0.42,0.533,1
2.59,5.6,0.456,0.71,1
0.74,5.0,0.52,0.41,1
4.57,10.8,0.274,0.836,0
4.29,10.6,0.313,0.577,1
1.35,8.3,0.656,0.652,1
0.64,3.0,0.622,0.711,1
2.29,6.8,0.662,0.525,1
2.74,8.1,0.377,0.921,1
2.8,8.5,0.336,0.802,1
2.63,7.1,0.352,0.913,1
0.57,3.0,0.951,0.681,1
2.72,7.0,0.395,0.655,1
1.83,3.4,0.606,0.54,1
6.62,17.2,0.523,0.721,1
0.1,4.3,0.876,0.75,1
0.38,3.4,0.369,0.648,1
1.77,5.0,0.434,0.486,1
2.67,8.4,0.843,0.561,0
2.2,3.8,0.161,0.408,1
3.7,8.7,0.594,0.588,1
0.86,4.0,0.4,0.743,1
1.47,6.7,0.986,0.964,1
1.75,3.0,0.721,0.505,1
3.55,7.9,0.011,0.433,0
7.52,23.2,0.839,0.575,1
3.29,8.4,0.703,0.493,1
0.15,4.0,0.561,0.81,1
1.66,4.6,0.236,0.403,1
2.41,6.5,0.149,0.979,1
0.35,3.0,0.628,0.905,1
0.64,3.5,0.44,0.689,1
2.49,8.9,0.862,0.943,1
1.75,3.0,0.262,0.771,1
5.44,12.9,0.638,0.986,1
4.6,13.3,0.249,0.564,0
6.6,16.3,0.636,0.988,1
0.47,3.0,0.048,0.506,1
4.76,13.9,0.392,0.609,1
0.4,3.2,0.173,0.952,1
0.38,3.0,0.606,0.619,1
1.03,3.0,0.317,0.524,1
0.54,3.0,0.772,0.435,1
3.93,8.0,0.115,0.488,1
0.3,3.0,0.556,0.61,1
4.77,12.0,0.594,0.649,1
1.05,3.0,0.022,0.72,1
4.84,10.7,0.036,0.88,1
2.17,3.3,0.308,0.408,1
3.21,8.9,0.609,0.896,1
0.17,3.0,0.963,0.741,1
4.34,8.8,0.091,0.846,1
1.33,3.0,0.703,0.847,1
0.49,3.0,0.693,0.933,1
1.24,3.0,0.669,0.455,1
1.55,3.9,0.516,0.737,1
0.89,5.5,0.967,0.936,1
2.22,8.9,0.502,0.824,1
5.06,9.0,0.838,0.457,1
1.75,5.0,0.263,0.762,1
0.51,3.0,0.806,0.872,1
1.63,3.0,0.997,0.562,1
1.11,3.0,0.91,0.773,1
0.31,3.2,0.304,0.896,1
0.72,3.0,0.846,0.709,1
1.41,3.0,0.095,0.515,1
2.64,8.0,0.678,0.724,1
6.0,10.5,0.342,0.747,1
0.13,3.0,0.659,0.638,1
0.59,3.0,0.412,0.801,1
0.84,3.0,0.009,0.656,1
5.02,12.1,0.231,0.918,1
2.18,5.2,0.042,0.867,1
1.05,3.0,0.427,0.875,1
1.47,3.7,0.84,0.71,1
2.26,6.7,0.738,0.516,1
0.8,3.0,0.789,0.827,1
5.11,12.2,0.807,0.441,1
4.68,12.5,0.372,0.705,1
2.2,7.1,0.506,0.431,1
7.38,17.3,0.508,0.712,1
0.1,3.0,0.113,0.805,1
11.02,29.9,0.598,0.647,1
13.01,30.3,0.72,0.646,0
0.52,4.9,0.611,0.472,1
1.0,3.0,0.746,0.578,1
1.65,3.4,0.119,0.662,1
0.35,3.0,0.761,0.91,1
2.82,11.4,0.208,0.93,1
0.72,3.0,0.877,0.963,1
2.97,6.4,0.245,0.459,1
2.28,5.0,0.492,0.575,1
1.95,5.1,0.487,0.673,1
0.51,3.0,0.269,0.779,1
1.34,3.1,0.362,0.815,1
4.56,4.3,0.186,0.864,1
5.68,14.3,0.57,0.693,1
0.37,3.0,0.913,0.728,1
0.24,3.0,0.317,0.967,1
1.56,6.5,0.508,0.542,1
0.33,3.0,0.862,0.874,1
5.57,15.6,0.452,0.82,1
5.88,12.5,0.831,0.483,0
3.98,11.5,0.446,0.947,1
1.39,3.0,0.44,0.905,1
0.34,3.0,0.157,0.86,1
0.12,3.0,0.125,0.475,1
3.47,11.5,0.611,0.482,1
3.17,8.3,0.827,0.803,1
1.13,5.8,0.135,0.463,1
3.19,6.5,0.91,0.467,1
2.57,8.5,0.359,0.636,1
0.27,3.0,0.425,0.403,1
0.86,3.0,0.894,0.826,1
3.59,9.4,0.896,0.719,1
2.02,6.4,0.525,0.446,1
5.38,13.9,0.277,0.721,1
1.47,3.0,0.172,0.432,0
7.47,20.4,0.272,0.442,1
4.98,15.9,0.781,0.686,1
5.72,13.1,0.325,0.695,0
2.93,3.7,0.695,0.6,1
0.3,3.0,0.195,0.767,1
1.03,3.0,0.479,0.629,1
9.69,24.0,0.352,0.746,0
0.9,3.4,0.504,0.606,1
2.67,5.8,0.57,0.822,1
6.7,16.2,0.991,0.742,1
6.11,15.1,0.9,0.494,0
4.72,14.7,0.696,0.805,1
5.04,12.7,0.154,0.863,1
4.04,7.6,0.919,0.439,1
4.47,8.8,0.893,0.76,1
1.77,4.7,0.887,0.866,1
4.37,8.7,0.479,0.468,1
1.79,3.0,0.171,0.932,1
6.48,17.5,0.754,0.645,1
1.84,6.0,0.389,0.835,1
4.48,10.5,0.345,0.93,1
2.14,5.9,0.391,0.984,1
0.35,3.0,0.559,0.745,1
9.25,24.3,0.334,0.816,0
1.39,4.7,0.69,0.549,1
0.96,3.0,0.648,0.571,1
0.25,3.0,0.509,0.902,1
1.8,5.5,0.054,0.635,1
1.66,3.3,0.937,0.885,1
6.91,17.3,0.412,0.43,1
4.06,11.6,0.449,0.529,1
0.56,3.0,0.456,0.5,1
1.53,6.8,0.365,0.711,1
2.68,9.0,0.675,0.448,1
7.81,19.3,0.014,0.603,0
0.15,3.0,0.874,0.982,1
1.29,3.0,0.102,0.869,1
0.68,3.0,1.0,0.849,1
2.36,3.2,0.628,0.48,1
2.21,6.0,0.066,0.615,0
3.91,10.1,0.562,0.802,1
2.06,6.5,0.331,0.413,0
2.67,9.5,0.953,0.656,1
2.37,5.9,0.755,0.948,1
0.42,5.6,0.507,0.449,1
0.81,3.0,0.43,0.935,1
0.96,3.0,0.996,0.515,1
16.25,39.5,0.667,0.512,0
0.34,3.0,0.514,0.515,1
0.5,3.0,0.398,0.949,1
0.1,3.0,0.325,0.756,1
2.07,4.6,0.705,0.843,1
4.24,10.3,0.588,0.616,1
3.87,8.8,0.848,0.915,1
2.36,7.5,0.554,0.743,1
2.43,7.4,0.582,0.754,1
1.81,6.9,0.477,0.844,1
2.21,4.9,0.763,0.856,1
3.44,11.0,0.415,0.802,1
13.9,32.0,0.852,0.47,0
6.94,14.6,0.327,0.911,0
5.2,10.6,0.693,0.554,1
7.08,17.7,0.893,0.988,1
0.42,3.4,0.769,0.627,1
5.25,11.9,0.343,0.471,1
7.64,18.1,0.706,0.586,1
0.21,3.0,0.207,0.738,1
1.15,4.0,0.058,0.631,1
4.23,9.6,0.791,0.889,1
0.91,3.0,0.808,0.803,1
1.01,3.0,0.023,0.526,0
4.51,10.1,0.948,0.718,1
4.39,13.3,0.446,0.865,1
0.34,3.0,0.905,0.926,1
1.45,3.0,0.788,0.633,1
1.51,6.3,0.901,0.945,1
0.44,3.0,0.833,0.421,1
0.97,5.3,0.974,0.799,1
0.1,3.1,0.629,0.861,1
0.99,3.0,0.227,0.651,0
1.76,3.0,0.39,0.406,1
1.21,7.6,0.752,0.805,1
4.56,12.2,0.157,0.602,0
4.65,11.0,0.93,0.49,1
2.48,8.1,0.205,0.493,1
1.09,4.1,0.876,0.854,1
0.13,3.0,0.484,0.511,1
0.43,3.0,0.841,0.686,1
4.44,11.7,0.958,0.973,1
0.24,3.0,0.422,0.848,1
0.13,3.0,0.697,0.723,1
1.49,3.7,0.227,0.712,1
5.55,14.4,0.801,0.499,1
3.4,8.2,0.82,0.663,1
5.2,12.5,0.295,0.485,0
1.31,3.0,0.024,0.449,1
1.95,6.4,0.431,0.464,1
1.6,7.0,0.17,0.758,1
3.52,7.7,0.819,0.514,1
1.61,5.1,0.261,0.488,1
3.87,10.6,0.944,0.912,1
1.45,3.6,0.972,0.472,1
1.23,3.0,0.909,0.816,1
2.24,3.0,0.6,0.646,1
0.73,3.0,0.267,0.742,1
20.0,45.7,0.807,0.414,0
2.12,8.1,0.702,0.4,1
2.42,6.8,0.977,0.882,1
2.35,5.8,0.377,0.681,1
0.1,3.0,0.059,0.442,1
2.6,3.0,0.998,0.603,1
4.03,10.1,0.838,0.699,1
2.15,9.3,0.221,0.48,1
2.58,5.1,0.726,0.722,1
2.18,7.2,0.001,0.712,1
4.55,10.4,0.558,0.756,1
1.4,3.6,0.363,0.878,1
1.06,5.1,0.381,0.644,1
1.73,3.6,0.245,0.924,1
2.25,4.2,0.275,0.68,1
1.81,7.4,0.455,0.67,1
1.9,4.8,0.248,0.787,1
2.6,8.7,0.466,0.764,1
0.1,3.0,0.577,0.407,0
11.29,31.0,0.711,0.98,0
1.82,5.1,0.677,0.956,1
2.34,6.7,0.242,0.566,1
4.62,11.8,0.039,0.73,1
1.73,3.3,0.833,0.855,1
3.05,7.6,0.872,0.943,1
10.38,25.1,0.979,0.746,1
2.53,8.2,0.96,0.411,1
5.18,12.5,0.634,0.802,0
3.56,5.9,0.894,0.455,1
1.78,3.0,0.448,0.796,1
2.05,3.0,0.787,0.747,1
0.6,3.0,0.955,0.778,1
2.48,3.9,0.796,0.512,1
1.87,5.3,0.416,0.691,1
1.53,4.1,0.378,0.765,1
0.62,3.0,0.292,0.577,1
1.93,5.7,0.367,0.507,1
6.81,17.3,0.821,0.531,1
0.6,3.0,0.702,0.906,1
2.22,4.9,0.25,0.674,0
0.9,3.1,0.712,0.79,1
1.16,6.2,0.379,0.704,1
0.1,3.6,0.558,0.892,1
6.03,12.3,0.37,0.7,0
0.37,3.0,0.522,0.455,1
2.21,3.0,0.73,0.517,1
2.29,8.8,0.731,0.408,1
2.93,9.4,0.753,0.891,1
0.54,3.0,0.391,0.791,1
4.66,12.0,0.69,0.848,1
1.35,6.1,0.239,0.822,0
1.72,6.7,0.477,0.886,1
0.47,3.5,0.583,0.982,1
0.62,3.0,0.686,0.786,1
0.17,3.0,0.912,0.549,1
0.1,3.0,0.305,0.46,1
5.95,16.5,0.845,0.748,1
0.1,3.0,0.311,0.855,1
1.8,3.8,0.552,0.731,1
7.14,20.1,0.828,0.579,1
1.92,8.1,0.723,0.825,1
0.45,3.0,0.863,0.664,1
7.4,18.0,0.815,0.569,0
3.79,10.2,0.276,0.896,1
0.1,3.0,0.993,0.74,1
4.55,10.3,0.937,0.567,1
3.65,12.9,0.43,0.594,1
5.47,14.5,0.047,0.737,1
3.17,9.0,0.303,0.65,1
0.69,5.2,0.836,0.495,1
3.23,7.2,0.951,0.76,1
3.76,9.2,0.832,0.807,1
4.88,9.7,0.397,0.4,1
1.52,3.4,0.057,0.717,1
1.73,3.0,0.518,0.741,1
2.27,7.2,0.376,0.596,1
2.05,6.0,0.123,0.6,1
1.74,3.8,0.106,0.587,1
0.99,3.0,0.153,0.663,1
0.51,3.0,0.206,0.879,1
3.2,5.7,0.754,0.677,1
4.6,11.9,0.382,0.986,1
2.17,6.8,0.437,0.622,1
2.01,3.0,0.598,0.813,1
8.19,21.8,0.96,0.724,1
3.55,5.5,0.756,0.85,1
1.88,4.5,0.646,0.924,1
1.58,3.0,0.744,0.702,1
1.41,6.4,0.719,0.692,1
2.54,4.0,0.69,0.956,1
2.54,3.1,0.496,0.951,1
4.74,12.1,0.567,0.988,1
0.72,3.0,0.461,0.492,1
4.85,9.1,0.395,0.402,1
3.42,9.6,0.271,0.658,1
1.26,3.0,0.355,0.833,1
0.87,3.0,0.429,0.443,0
3.38,7.3,0.579,0.62,1
2.17,7.0,0.5,0.743,0
0.5,3.8,0.108,0.525,1
1.76,6.6,0.34,0.831,1
3.66,8.9,0.376,0.535,1
3.59,4.1,0.707,0.896,1
2.51,7.0,0.333,0.605,1
3.52,11.7,0.008,0.753,1
2.79,9.4,0.084,0.721,1
2.49,7.2,0.497,0.575,1
0.95,3.0,0.188,0.659,1
3.78,8.4,0.495,0.899,1
2.1,9.1,0.574,0.724,1
4.41,8.2,0.933,0.433,1
3.4,6.2,0.656,0.821,1
0.11,3.0,0.031,0.508,1
1.77,3.6,0.381,0.687,1
1.35,3.0,0.793,0.676,1
0.97,5.5,0.261,0.687,1
2.54,7.3,0.925,0.418,1
0.85,3.0,0.529,0.561,1
0.5,3.0,0.092,0.43,1
0.51,5.4,0.242,0.645,1
0.59,3.0,0.906,0.767,1
2.44,8.9,0.991,0.786,1
8.18,22.2,0.863,0.438,0
1.16,3.0,0.321,0.47,1
5.08,11.7,0.769,0.79,1
0.58,4.4,0.222,0.713,1
1.22,6.0,0.385,0.892,1
5.05,8.9,0.697,0.521,1
3.52,9.9,0.969,0.471,1
3.6,8.8,0.439,0.614,1
4.39,8.9,0.496,0.776,0
8.35,21.4,0.22,0.687,0
3.22,5.3,0.403,0.458,1
0.43,3.0,0.063,0.442,1
4.6,9.9,0.859,0.8,1
4.14,9.4,0.023,0.575,0
4.82,11.9,0.684,0.795,1
1.05,3.0,0.273,0.574,1
2.32,8.9,0.476,0.586,1
0.22,3.0,0.282,0.524,1
1.05,6.2,0.4,0.98,1
1.73,4.0,0.547,0.409,1
1.34,3.0,0.641,0.475,1
4.72,15.3,0.94,0.893,1
1.31,3.0,0.332,0.482,1
12.99,32.1,0.585,0.566,0
1.12,4.2,0.902,0.555,1
2.1,3.0,0.29,0.811,1
0.22,3.0,0.865,0.643,1
2.47,7.3,0.958,0.896,1
1.4,6.0,0.847,0.841,0
10.87,28.9,0.57,0.713,1
2.04,7.7,0.722,0.547,1
0.22,3.0,0.481,0.868,1
0.29,3.0,0.597,0.911,0
0.25,4.8,0.974,0.893,1
1.13,3.0,0.251,0.431,1
1.0,3.0,0.793,0.812,1
9.88,25.8,0.506,0.815,0
0.55,4.6,0.177,0.956,1
3.07,8.1,0.644,0.555,1
1.45,5.6,0.792,0.864,1
3.2,4.0,0.569,0.807,1
1.01,3.0,0.837,0.918,1
0.18,3.0,0.366,0.809,1
0.66,3.2,0.914,0.903,1
1.23,3.0,0.648,0.612,1
6.34,13.3,0.803,0.493,1
3.53,9.8,0.273,0.614,1
0.68,3.8,0.446,0.881,1
1.72,4.0,0.91,0.478,1
1.07,3.8,0.051,0.776,1
0.1,3.0,0.404,0.983,1
0.45,3.0,0.78,0.928,1
3.66,7.0,0.744,0.796,1
2.61,7.7,0.852,0.868,1
1.4,4.7,0.739,0.469,1
3.12,9.6,0.947,0.694,1
5.07,13.3,0.498,0.714,1
4.87,9.8,0.624,0.862,1
0.4,3.0,0.848,0.567,1
7.24,18.1,0.702,0.463,1
0.51,3.0,0.102,0.812,1
3.84,9.0,0.367,0.691,1
0.31,3.0,0.553,0.897,1
0.67,3.4,0.755,0.684,1
3.94,7.0,0.544,0.899,1
0.95,3.0,0.778,0.7,1
0.91,3.0,0.838,0.862,1
7.68,22.4,0.265,0.825,1
0.49,3.3,0.616,0.557,1
2.69,3.4,0.557,0.583,1
5.2,15.7,0.227,0.931,1
2.63,9.3,0.49,0.536,1
1.49,3.0,0.549,0.812,1
0.1,3.0,0.817,0.486,1
3.32,8.2,0.461,0.846,0
3.28,10.5,0.081,0.532,0
2.48,9.4,0.487,0.75,0
2.39,4.2,0.838,0.733,1
3.48,12.2,0.571,0.52,0
0.45,3.0,0.319,0.69,1
1.34,3.0,0.921,0.919,1
6.31,14.9,0.156,0.802,1
0.21,3.0,0.327,0.986,1
8.84,24.7,0.437,0.863,1
4.22,12.5,0.738,0.78,1
1.24,3.0,0.836,0.732,1
1.93,6.5,0.059,0.953,1
3.56,9.9,0.792,0.711,1
0.24,3.0,0.721,0.638,1
2.17,3.0,0.895,0.892,1
2.82,9.1,0.9,0.955,1
4.81,11.7,0.778,0.683,1
5.28,10.6,0.19,0.481,1
8.43,20.7,0.314,0.759,0
2.2,6.2,0.936,0.837,1
5.66,14.0,0.598,0.62,1
0.86,3.0,0.539,0.841,1
2.31,9.5,0.916,0.713,1
3.0,9.5,0.874,0.578,1
1.69,3.6,0.727,0.771,1
2.61,5.9,0.882,0.629,1
6.92,18.0,0.114,0.864,0
3.13,5.6,0.758,0.402,1
2.0,5.6,0.966,0.883,1
6.52,13.6,0.049,0.581,1
7.09,17.6,0.223,0.966,0
2.46,3.8,0.794,0.848,1
1.94,3.0,0.52,0.542,1
4.95,15.7,0.087,0.977,1
7.99,20.1,0.268,0.695,0
1.64,4.5,0.324,0.709,1
1.77,3.0,0.321,0.937,1
5.22,11.9,0.878,0.942,0
2.05,6.0,0.662,0.811,1
2.13,5.7,0.735,0.977,1
3.17,3.6,0.014,0.594,1
0.42,3.0,0.428,0.537,1
2.58,7.2,0.318,0.417,1
0.28,3.3,0.852,0.604,1
0.25,3.0,0.954,0.756,1
4.37,6.4,0.423,0.58,1
2.45,4.1,0.973,0.742,1
0.1,3.0,0.014,0.429,1
2.38,7.4,0.326,0.609,1
2.82,3.0,0.775,0.841,1
0.62,3.0,0.36,0.462,1
0.62,4.4,0.921,0.822,1
0.26,3.0,0.218,0.85,1
1.66,5.9,0.796,0.736,1
2.99,4.2,0.202,0.923,1
10.13,22.1,0.197,0.963,1
0.78,4.8,0.446,0.42,0
2.98,7.7,0.945,0.801,1
1.55,4.1,0.585,0.54,1
2.79,4.7,0.635,0.641,1
4.05,10.3,0.01,0.768,1
1.44,3.0,0.057,0.82,1
0.27,3.0,0.067,0.896,1
4.52,16.8,0.82,0.816,1
2.2,6.5,0.237,0.859,1
6.91,16.0,0.329,0.753,0
0.62,3.0,0.61,0.469,1
0.42,3.0,0.584,0.413,1
0.54,4.5,0.411,0.713,1
12.21,28.5,0.004,0.822,0
5.49,13.0,0.45,0.464,1
0.91,3.6,0.739,0.653,1
1.1,5.7,0.235,0.551,1
2.96,7.0,0.708,0.735,1
1.68,3.4,0.015,0.63,1
1.0,3.0,0.908,0.519,1
1.18,3.0,0.95,0.403,1
6.22,14.4,0.002,0.59,0
3.35,9.2,0.458,0.705,1
6.25,16.0,0.414,0.948,1
7.95,24.1,0.842,0.534,1
3.2,8.9,0.541,0.702,1
2.96,9.7,0.611,0.734,1
0.48,3.0,0.203,0.783,1
2.17,6.5,0.077,0.594,1
1.08,3.0,0.692,0.459,1
7.44,19.4,0.621,0.944,1
0.98,3.8,0.832,0.962,1
1.22,3.1,0.845,0.659,1
7.64,23.9,0.631,0.743,1
11.69,32.1,0.538,0.417,0
2.99,9.8,0.914,0.428,1
2.48,7.7,0.801,0.445,1
1.01,6.1,0.882,0.836,1
4.4,8.1,0.996,0.534,1
2.07,7.9,0.404,0.509,0
2.28,3.7,0.717,0.405,1
2.01,3.9,0.688,0.414,1
1.93,5.9,0.174,0.639,1
1.0,5.0,0.637,0.72,1
12.6,29.2,0.428,0.742,0
3.99,9.0,0.451,0.67,1
12.21,30.7,0.18,0.671,0
13.54,33.5,0.745,0.844,0
1.4,5.2,0.698,0.571,1
1.99,11.9,0.532,0.54,1
4.59,12.3,0.157,0.904,1
1.23,3.0,0.557,0.807,1
7.68,16.6,0.1,0.681,0
1.92,4.2,0.339,0.562,1
1.34,3.0,0.372,0.481,1
1.61,5.0,0.883,0.422,1
0.23,3.0,0.416,0.903,1
1.09,3.0,0.598,0.75,1
12.16,34.4,0.875,0.427,0
1.61,3.0,0.426,0.494,1
1.42,3.3,0.884,0.565,1
2.7,8.0,0.136,0.555,0
2.57,8.2,0.365,0.724,1
0.37,3.5,0.095,0.636,1
3.22,8.9,0.561,0.921,1
0.36,3.0,0.957,0.824,1
0.69,3.0,0.657,0.937,1
0.18,3.0,0.626,0.909,0
4.6,13.3,0.278,0.944,0
3.78,12.5,0.931,0.978,1
1.3,3.0,0.472,0.584,1
3.25,6.3,0.267,0.524,0
6.68,18.4,0.988,0.497,0
0.56,3.0,0.423,0.771,1
1.43,4.6,0.371,0.802,1
0.33,3.0,0.035,0.452,1
0.1,3.0,0.178,0.884,1
0.52,3.0,0.809,0.862,1
3.01,5.4,0.483,0.771,1
2.38,4.9,0.955,0.657,1
1.58,3.0,0.084,0.491,0
2.66,5.3,0.616,0.698,1
5.65,12.7,0.72,0.494,0
2.51,5.7,0.621,0.757,1
4.17,9.9,0.53,0.583,1
1.91,8.5,0.578,0.546,1
0.14,3.0,0.69,0.66,1
1.6,4.7,0.863,0.743,1
5.87,13.5,0.336,0.617,0
2.75,5.7,0.46,0.969,1
13.67,30.8,0.636,0.403,0
2.99,4.3,0.314,0.939,1
4.91,9.9,0.179,0.4,0
5.42,13.9,0.966,0.528,0
2.31,7.9,0.195,0.988,1
1.94,3.0,0.233,0.83,1
3.0,6.4,0.619,0.78,1
5.28,10.5,0.077,0.828,1
4.17,9.9,0.034,0.641,1
3.95,12.0,0.064,0.863,1
0.53,3.0,0.123,0.491,0
1.56,3.8,0.429,0.868,1
3.64,12.0,0.829,0.954,1
1.96,5.8,0.342,0.906,1
7.59,17.5,0.428,0.836,0
0.18,3.0,0.6,0.784,1
1.12,3.0,0.302,0.707,1
0.16,3.0,0.433,0.633,1
1.05,3.7,0.386,0.911,1
0.1,3.0,0.342,0.782,1
12.3,31.1,0.388,0.657,0
3.0,7.3,0.011,0.863,0
2.62,7.6,0.886,0.432,1
2.71,8.4,0.977,0.88,1
1.18,3.9,0.862,0.878,0
0.59,3.0,0.006,0.535,1
3.26,10.0,0.751,0.422,1
0.44,3.0,0.573,0.821,1
0.16,3.0,0.094,0.518,1
1.31,3.0,0.933,0.988,1
2.79,6.8,0.776,0.405,1
0.29,3.0,0.145,0.536,1
5.53,14.6,0.964,0.425,1
2.49,3.0,0.126,0.862,1
8.04,18.8,0.455,0.741,1
0.13,3.0,0.159,0.901,1
0.1,3.0,0.15,0.968,1
0.91,3.1,0.968,0.76,1
0.1,3.0,0.572,0.537,1
4.84,12.0,0.259,0.455,1
3.95,11.1,0.776,0.911,1
1.6,5.9,0.875,0.545,1
0.6,3.0,0.918,0.927,1
2.42,4.4,0.933,0.918,1
2.45,5.2,0.906,0.77,1
4.8,13.3,0.639,0.756,1
0.63,3.0,0.342,0.961,1
4.12,9.9,0.926,0.846,0
3.51,8.0,0.122,0.803,1
1.71,4.1,0.169,0.657,1
0.16,3.0,0.434,0.686,1
0.37,3.0,0.284,0.629,1
0.34,3.0,0.616,0.958,1
2.36,7.8,0.905,0.776,1
5.78,10.9,0.491,0.86,1
3.26,8.9,0.554,0.422,1
0.81,4.2,0.423,0.903,1
2.85,8.3,0.708,0.646,1
3.44,7.8,0.101,0.835,1
12.13,28.4,0.049,0.424,0
0.16,3.0,0.641,0.927,1
2.49,6.7,0.535,0.789,1
6.66,16.8,0.407,0.67,1
0.17,3.0,0.334,0.579,1
0.88,3.0,0.052,0.584,1
2.89,8.1,0.681,0.579,1
1.52,4.7,0.421,0.477,1
2.12,5.7,0.445,0.674,0
2.06,5.4,0.893,0.668,1
3.42,11.9,0.738,0.643,1
1.3,3.0,0.219,0.815,1
3.66,11.7,0.657,0.648,1
4.54,9.9,0.132,0.453,1
2.72,9.0,0.194,0.903,1
1.09,5.2,0.714,0.651,1
6.47,15.6,0.126,0.787,1
0.1,3.6,0.28,0.949,1
2.05,6.1,0.898,0.853,1
4.16,8.7,0.738,0.718,1
1.43,3.0,0.929,0.722,0
1.2,5.3,0.882,0.901,1
0.39,3.0,0.313,0.886,1
1.75,3.0,0.632,0.505,1
8.03,19.8,0.379,0.77,1
0.1,3.0,0.697,0.911,1
0.18,3.0,0.348,0.874,1
6.89,21.9,0.001,0.474,0
15.27,38.6,0.094,0.657,0
2.86,7.0,0.771,0.706,1
14.91,39.7,0.084,0.552,0
2.36,5.2,0.599,0.801,1
2.44,8.1,0.858,0.681,1
3.88,6.4,0.741,0.576,1
11.28,27.3,0.413,0.599,0
1.02,4.7,0.209,0.905,1
2.3,8.9,0.923,0.911,1
8.12,18.8,0.566,0.879,1
7.6,17.2,0.405,0.939,1
6.75,18.0,0.942,0.962,1
3.6,7.8,0.215,0.69,1
3.61,8.5,0.442,0.457,1
2.37,7.7,0.109,0.872,1
0.23,3.0,0.125,0.774,1
1.32,3.0,0.399,0.625,1
4.17,7.8,0.7,0.976,1
1.41,3.5,0.339,0.6,1
1.02,3.0,0.69,0.936,1
0.1,3.0,0.805,0.75,1
4.95,9.6,0.878,0.422,0
2.33,9.1,0.045,0.908,1
1.45,8.0,0.774,0.85,1
3.31,6.2,0.147,0.779,1
0.53,3.0,0.698,0.763,1
6.3,13.8,0.372,0.529,1
2.51,5.7,0.708,0.527,1
6.03,18.7,0.214,0.417,0
0.1,3.0,0.645,0.491,1
0.56,3.0,0.126,0.599,1
0.34,3.0,0.17,0.719,1
0.78,4.3,0.614,0.477,1
3.7,3.0,0.337,0.729,1
0.37,3.0,0.704,0.555,1
9.26,23.1,0.685,0.55,0
2.91,6.0,0.622,0.959,1
4.63,13.3,0.731,0.985,1
9.41,25.9,0.794,0.879,1
1.3,3.0,0.911,0.432,1
3.66,13.3,0.081,0.83,1
0.24,3.0,0.572,0.505,1
0.17,3.0,0.749,0.736,1
2.01,5.3,0.217,0.927,0
3.15,6.9,0.264,0.624,1
3.72,8.5,0.267,0.948,1
5.96,14.8,0.572,0.818,1
5.03,13.0,0.366,0.578,1
2.63,4.7,0.666,0.456,1
1.93,4.4,0.61,0.881,1
1.46,3.0,0.657,0.67,1
0.1,3.0,0.252,0.443,1
3.44,7.0,0.767,0.461,1
5.79,12.2,0.664,0.971,1
4.44,10.3,0.131,0.543,1
1.27,4.0,0.2,0.97,1
1.9,5.0,0.301,0.802,1
1.41,7.5,0.936,0.577,1
1.78,3.0,0.326,0.626,0
2.38,6.9,0.02,0.858,1
0.29,3.0,0.142,0.657,1
0.84,3.7,0.032,0.444,0
0.35,3.0,0.403,0.536,1
0.1,3.0,0.797,0.908,1
1.1,3.1,0.45,0.811,1
1.65,3.0,0.839,0.696,1
1.51,5.0,0.048,0.545,0
0.11,3.0,0.47,0.68,1
5.15,14.4,0.787,0.865,1
0.5,3.0,0.675,0.448,1
2.75,5.9,0.853,0.987,1
2.91,6.8,0.274,0.907,1
0.37,3.0,0.501,0.588,1
0.1,3.0,0.677,0.914,1
0.1,6.7,0.168,0.802,0
0.99,4.9,0.816,0.793,1
2.6,5.4,0.311,0.482,0
0.43,3.0,0.093,0.934,1
0.22,3.0,0.766,0.666,1
2.68,4.9,0.705,0.874,1
0.47,3.0,0.884,0.577,1
4.98,12.3,0.892,0.582,0
2.02,6.7,0.279,0.969,1
2.65,3.4,0.641,0.693,1
6.25,14.2,0.999,0.435,1
0.53,3.0,0.244,0.893,1
2.45,6.2,0.473,0.534,1
1.27,6.0,0.91,0.918,1
0.42,3.0,0.103,0.941,1
2.7,11.5,0.928,0.443,1
0.11,3.0,0.488,0.744,1
5.61,10.0,0.893,0.979,1
3.44,8.5,0.621,0.949,1
11.83,27.3,0.671,0.71,0
1.85,4.5,0.773,0.801,1
7.56,18.7,0.067,0.757,0
0.61,3.0,0.628,0.52,1
2.26,4.0,0.924,0.785,1
2.25,6.5,0.956,0.597,1
3.48,8.1,0.968,0.599,1
8.73,24.0,0.646,0.648,1
4.75,11.5,0.633,0.903,1
0.23,3.0,0.552,0.541,1
2.51,3.0,0.608,0.548,1
1.15,3.0,0.612,0.404,1
0.41,3.0,0.042,0.491,1
1.96,3.0,0.089,0.977,1
1.53,4.9,0.619,0.656,1
0.1,3.0,0.314,0.515,1
2.38,8.8,0.301,0.97,1
0.3,3.0,0.193,0.416,1
4.18,10.4,0.801,0.686,1
0.9,3.0,0.964,0.875,1
2.69,8.3,0.628,0.856,1
0.57,3.0,0.945,0.512,1
6.9,15.9,0.884,0.818,1
0.16,3.0,0.218,0.767,1
6.58,13.1,0.154,0.798,0
0.59,3.0,0.212,0.557,1
0.47,3.0,0.096,0.878,1
2.76,7.6,0.583,0.73,1
2.37,5.9,0.283,0.828,1
9.49,25.8,0.913,0.954,0
2.02,3.2,0.613,0.905,1
0.7,3.0,0.36,0.862,1
2.66,6.4,0.985,0.571,1
2.4,4.1,0.953,0.432,1
2.4,6.8,0.779,0.739,1
10.22,25.4,0.792,0.42,0
0.89,3.0,0.977,0.821,1
1.65,4.2,0.6,0.835,1
5.21,12.8,0.88,0.732,1
3.18,7.6,0.065,0.499,0
0.69,3.0,0.554,0.917,1
4.2,7.9,0.503,0.752,1
0.55,3.0,0.038,0.704,1
3.26,6.5,0.087,0.735,1
5.82,12.5,0.022,0.449,1
4.3,10.3,0.294,0.837,1
0.1,3.0,0.054,0.436,1
2.13,5.7,0.423,0.741,1
0.5,3.0,0.813,0.5,1
1.17,3.0,0.614,0.523,1
4.14,11.6,0.674,0.538,1
0.57,3.0,0.032,0.408,0
7.94,21.4,0.84,0.926,1
0.1,3.0,0.146,0.874,1
0.57,3.0,0.303,0.418,1
0.15,3.0,0.517,0.434,1
2.04,9.5,0.93,0.862,1
0.86,5.5,0.998,0.404,1
2.11,6.7,0.783,0.677,1
6.25,16.3,0.729,0.463,1
2.93,3.6,0.528,0.749,0
0.14,3.0,0.666,0.989,1
0.1,3.0,0.144,0.501,1
3.26,6.5,0.269,0.964,1
0.31,3.0,0.985,0.911,1
2.21,4.6,0.98,0.982,1
7.22,19.8,0.323,0.852,1
2.45,3.0,0.241,0.906,1
3.92,10.0,0.23,0.751,1
1.45,3.0,0.485,0.912,1
1.49,3.0,0.224,0.466,1
0.11,3.0,0.648,0.838,1
0.48,3.0,0.075,0.771,1
0.14,3.0,0.104,0.435,1
1.14,3.0,0.277,0.572,1
3.33,7.0,0.777,0.528,1
0.41,3.0,0.323,0.639,1
5.39,13.2,0.471,0.517,0
2.22,4.0,0.657,0.562,1
2.72,6.8,0.789,0.575,1
5.1,12.2,0.307,0.754,1
2.04,3.9,0.731,0.48,1
2.74,10.0,0.286,0.542,1
2.29,6.5,0.644,0.587,1
0.2,3.0,0.451,0.665,1
0.62,3.0,0.927,0.422,1
4.74,9.8,0.982,0.99,1
10.34,25.0,0.774,0.577,1
0.53,3.0,0.915,0.57,1
1.57,3.0,0.137,0.727,1
0.9,3.0,0.654,0.904,1
3.12,6.8,0.198,0.67,1
2.36,5.2,0.277,0.547,1
0.12,3.0,0.523,0.734,1
10.32,31.7,0.742,0.685,0
7.73,18.0,0.721,0.65,1
3.79,5.3,0.869,0.98,1
2.33,3.0,0.559,0.988,1
1.02,4.1,0.926,0.732,1
1.52,6.5,0.888,0.44,1
1.2,3.0,0.849,0.734,1
1.53,6.4,0.23,0.962,1
0.22,3.0,0.531,0.946,1
5.62,13.7,0.736,0.527,0
2.57,5.9,0.976,0.512,1
1.72,4.7,0.012,0.49,1
3.62,10.8,0.327,0.884,1
3.67,10.0,0.342,0.689,1
0.1,3.0,0.289,0.599,1
0.51,3.0,0.817,0.592,1
1.97,8.9,0.045,0.562,1
5.07,13.2,0.359,0.921,1
5.3,15.0,0.712,0.642,1
1.11,3.9,0.407,0.544,1
4.2,11.0,0.144,0.819,1
0.1,3.0,0.611,0.775,1
3.56,10.7,0.523,0.822,1
1.78,5.9,0.982,0.885,1
0.96,3.0,0.749,0.46,1
2.35,4.5,0.986,0.401,1
2.71,7.5,0.186,0.43,1
8.4,20.9,0.762,0.817,1
10.28,25.1,0.552,0.951,1
1.68,9.6,0.713,0.595,1
5.2,9.9,0.468,0.861,1
1.52,5.7,0.212,0.83,1
2.89,5.5,0.046,0.977,1
0.73,3.0,0.838,0.678,1
0.46,6.3,0.815,0.498,1
2.31,3.8,0.163,0.851,1
1.17,3.0,0.645,0.883,1
1.04,3.0,0.738,0.817,1
0.19,3.0,0.558,0.909,1
0.4,3.0,0.317,0.619,1
3.29,7.2,0.881,0.807,1
3.27,9.5,0.642,0.556,1
1.88,3.0,0.72,0.663,1
2.57,3.0,0.652,0.543,1
0.15,3.0,0.721,0.491,1
5.04,9.5,0.145,0.421,0
2.55,9.4,0.923,0.796,1
3.41,5.5,0.286,0.916,1
0.54,3.0,0.837,0.586,1
3.13,8.7,0.893,0.653,1
3.19,6.8,0.651,0.402,1
1.18,3.0,0.598,0.644,1
10.35,29.9,0.109,0.566,0
1.19,3.0,0.436,0.739,1
6.6,16.1,0.612,0.936,1
5.04,12.2,0.082,0.699,0
6.97,18.8,0.111,0.799,1
1.73,5.3,0.993,0.816,1
0.64,3.0,0.332,0.49,0
0.54,3.0,0.35,0.604,1
4.06,9.7,0.252,0.467,0
2.23,7.1,0.646,0.66,0
1.78,3.0,0.473,0.923,1
1.61,8.1,0.79,0.684,1
0.12,3.0,0.512,0.669,1
1.26,3.1,0.015,0.524,0
7.63,16.7,0.483,0.583,1
2.92,4.7,0.055,0.953,1
0.71,3.0,0.827,0.579,1
5.25,11.2,0.114,0.832,1
3.31,7.5,0.217,0.425,0
9.16,20.9,0.46,0.476,0
0.97,3.8,0.195,0.584,1
0.73,3.0,0.539,0.932,1
6.58,14.7,0.461,0.529,1
1.55,3.1,0.953,0.829,1
1.24,5.1,0.088,0.499,1
3.51,9.2,0.577,0.762,1
1.32,3.1,0.72,0.746,1
0.7,3.0,0.128,0.767,1
3.78,7.2,0.636,0.569,1
2.47,3.6,0.864,0.496,1
0.46,3.8,0.788,0.923,1
3.65,10.2,0.935,0.736,1
0.49,3.0,0.721,0.525,1
0.14,3.0,0.394,0.644,1
2.95,5.7,0.92,0.44,1
0.73,3.0,0.225,0.68,1
2.59,7.4,0.584,0.65,1
19.05,47.0,0.766,0.478,0
9.02,26.7,0.872,0.662,1
0.81,4.5,0.917,0.777,1
1.07,5.3,0.085,0.948,1
3.55,10.2,0.726,0.815,1
0.1,3.0,0.204,0.696,1
2.6,7.7,0.779,0.854,1
0.92,3.0,0.701,0.565,1
2.97,10.7,0.181,0.795,1
3.41,9.3,0.833,0.403,1
3.26,8.7,0.462,0.443,1
0.15,3.0,0.544,0.768,1
0.4,4.5,0.971,0.514,1
6.14,12.5,0.657,0.806,1
0.45,4.8,0.589,0.776,1
1.91,4.4,0.017,0.438,1
5.47,10.9,0.199,0.632,1
0.1,3.0,0.027,0.762,1
0.64,3.0,0.333,0.821,0
3.24,9.4,0.345,0.881,1
0.4,3.0,0.53,0.595,1
2.42,6.4,0.69,0.894,1
5.37,15.7,0.179,0.609,0
2.66,5.3,0.602,0.404,1
5.89,14.2,0.917,0.76,1
1.09,3.0,0.185,0.543,1
3.82,8.8,0.659,0.473,1
5.66,19.3,0.046,0.552,1
0.96,4.0,0.531,0.888,1
5.64,13.6,0.742,0.939,1
0.3,3.0,0.034,0.967,1
2.56,6.3,0.334,0.579,1
0.51,3.0,0.878,0.669,1
3.66,8.3,0.225,0.873,1
2.33,6.9,0.723,0.588,1
3.36,6.5,0.612,0.627,0
5.07,10.7,0.164,0.54,0
2.07,5.9,0.742,0.738,1
0.79,3.0,0.532,0.789,1
5.8,16.0,0.112,0.588,0
8.28,20.7,0.949,0.414,0
5.89,11.1,0.492,0.834,1
0.44,3.0,0.745,0.764,1
4.72,8.4,0.218,0.529,1
3.08,9.1,0.137,0.586,1
1.66,3.7,0.741,0.965,1
0.38,4.6,0.674,0.772,1
3.58,11.1,0.274,0.751,1
3.24,6.0,0.746,0.777,1
0.81,3.0,0.505,0.963,1
1.46,3.0,0.349,0.601,1
0.53,3.0,0.787,0.566,1
7.98,23.6,0.617,0.622,0
1.97,4.9,0.507,0.873,1
2.81,8.9,0.773,0.471,0
2.54,5.8,0.545,0.522,1
4.66,11.3,0.939,0.535,1
3.16,7.8,0.818,0.775,1
0.89,4.4,0.358,0.779,1
1.88,5.3,0.465,0.619,1
1.11,3.0,0.957,0.563,1
1.75,7.6,0.895,0.845,1
3.28,7.6,0.191,0.419,1
1.97,4.0,0.274,0.836,1
2.76,3.0,0.364,0.524,1
0.55,3.0,0.88,0.933,1
2.06,5.4,0.927,0.644,1
3.45,8.8,0.802,0.779,1
3.07,6.9,0.276,0.471,0
1.54,3.0,0.887,0.55,1
0.7,3.0,0.033,0.813,1
8.75,22.8,0.423,0.725,1
2.79,8.2,0.378,0.855,1
2.04,4.6,0.535,0.732,1
0.51,3.2,0.561,0.736,1
3.97,9.8,0.225,0.906,1
2.58,5.5,0.205,0.651,0
0.78,3.0,0.804,0.928,1
0.1,3.0,0.076,0.62,1
2.2,6.0,0.493,0.594,1
0.59,3.0,0.192,0.86,1
1.53,3.0,0.32,0.407,1
3.47,4.6,0.277,0.502,1
3.4,8.1,0.709,0.442,1
0.24,3.8,0.456,0.702,1
1.22,3.0,0.299,0.771,1
6.55,17.7,0.831,0.406,1
0.89,6.9,0.086,0.495,1
1.35,4.2,0.766,0.578,1
1.57,3.0,0.248,0.574,1
0.1,3.0,0.918,0.457,1
3.82,9.6,0.006,0.502,0
0.19,3.0,0.557,0.9,1
0.93,3.0,0.622,0.813,1
0.71,3.7,0.577,0.575,1
2.52,8.4,0.815,0.555,1
1.28,3.0,0.112,0.447,1
3.6,7.4,0.416,0.606,1
4.4,10.1,0.864,0.635,1
0.46,3.0,0.889,0.933,1
0.61,3.8,0.498,0.838,1
2.74,12.3,0.558,0.683,1
4.73,10.9,0.764,0.48,1
9.15,22.0,0.78,0.787,0
0.71,3.0,0.888,0.952,1
5.4,12.1,0.844,0.446,1
0.43,3.0,0.414,0.901,1
1.53,3.0,0.65,0.506,1
4.84,6.9,0.483,0.814,1
0.78,3.0,0.118,0.508,1
0.51,3.0,0.822,0.754,1
0.11,3.0,0.602,0.54,1
2.75,6.9,0.058,0.72,0
2.48,3.7,0.677,0.754,1
11.03,27.1,0.283,0.765,0
1.97,3.0,0.069,0.803,1
0.59,3.0,0.607,0.441,1
1.37,4.7,0.732,0.815,1
0.19,3.0,0.517,0.491,1
3.23,9.9,0.006,0.799,1
3.83,5.6,0.577,0.473,1
0.73,3.0,0.007,0.683,1
0.89,3.0,0.926,0.628,1
0.23,3.0,0.267,0.971,1
0.24,3.0,0.871,0.772,1
1.65,5.4,0.012,0.452,1
2.23,8.7,0.097,0.814,1
0.1,3.0,0.451,0.515,1
3.24,10.8,0.759,0.569,1
1.01,3.0,0.943,0.623,1
2.46,4.0,0.521,0.858,1
2.3,7.3,0.355,0.957,1
4.62,8.5,0.045,0.945,1
5.88,15.8,0.584,0.501,1
5.7,14.5,0.38,0.436,1
1.2,5.1,0.909,0.889,1
2.85,7.0,0.48,0.57,1
0.49,3.0,0.765,0.744,1
1.83,5.6,0.848,0.977,1
1.07,3.0,0.098,0.51,1
1.18,3.0,0.441,0.621,1
4.42,12.0,0.894,0.912,1
6.94,17.3,0.424,0.783,1
1.21,3.0,0.565,0.953,1
4.94,12.2,0.873,0.773,1
1.7,7.4,0.233,0.579,1
0.92,3.0,0.895,0.875,1
1.45,3.0,0.397,0.848,1
1.05,3.0,0.593,0.951,1
0.46,3.0,0.328,0.681,1
0.14,3.0,0.527,0.697,1
0.1,3.0,0.049,0.591,1
3.75,9.6,0.065,0.559,0
2.44,8.0,0.415,0.988,1
1.26,4.6,0.335,0.977,1
1.86,6.9,0.616,0.712,1
12.8,34.0,0.038,0.964,0
1.63,7.2,0.168,0.61,1
0.71,3.0,0.21,0.901,1
3.57,6.3,0.44,0.775,1
0.38,3.0,0.247,0.823,1
2.62,8.1,0.138,0.824,1
1.61,7.2,0.598,0.775,1
2.34,8.4,0.744,0.903,1
0.97,6.3,0.685,0.631,1
1.46,4.9,0.276,0.901,1
4.14,10.8,0.854,0.508,1
0.26,3.0,0.612,0.518,1
4.69,12.3,0.615,0.823,1
5.32,12.2,0.213,0.843,0
1.41,3.9,0.242,0.932,1
3.7,9.4,0.475,0.562,1
2.9,8.2,0.238,0.433,0
2.16,5.2,0.688,0.699,1
4.12,12.2,0.309,0.916,1
1.27,3.0,0.152,0.973,1
5.47,14.0,0.152,0.906,1
7.28,20.6,0.127,0.689,0
2.85,10.9,0.44,0.909,1
0.63,3.0,0.003,0.526,1
0.14,3.7,0.542,0.943,1
1.49,4.1,0.298,0.734,1
0.2,3.0,0.552,0.63,1
1.38,4.5,0.935,0.743,1
7.33,18.3,0.869,0.863,1
4.24,9.0,0.576,0.542,1
0.23,3.0,0.418,0.46,1
0.67,3.0,0.698,0.833,1
3.31,9.3,0.923,0.962,1
9.14,22.9,0.49,0.776,0
3.91,9.1,0.099,0.484,1
0.45,3.0,0.766,0.78,1
1.49,4.7,0.01,0.469,1
4.68,13.3,0.765,0.579,1
2.5,4.0,0.085,0.419,1
1.36,3.0,0.107,0.688,1
17.96,46.8,0.782,0.59,0
3.74,6.6,0.69,0.458,1
1.93,5.9,0.562,0.582,1
3.39,11.7,0.821,0.782,1
0.79,5.2,0.851,0.571,1
5.49,15.2,0.458,0.484,1
2.19,6.9,0.996,0.721,1
3.51,13.3,0.358,0.844,1
15.67,34.5,0.172,0.89,0
2.07,4.3,0.846,0.679,1
1.93,6.5,0.416,0.82,1
2.29,5.0,0.874,0.892,1
1.27,5.7,0.061,0.797,1
2.56,6.3,0.111,0.711,1
0.22,3.0,0.04,0.435,1
5.82,14.0,0.602,0.571,0
13.41,32.5,0.832,0.589,0
2.04,4.0,0.403,0.633,1
0.1,3.0,0.091,0.961,1
1.03,3.0,0.373,0.523,1
0.1,3.0,0.348,0.72,1
0.5,3.0,0.643,0.985,1
7.08,19.9,0.652,0.765,1
1.51,3.0,0.103,0.523,1
2.01,3.0,0.42,0.967,1
2.44,6.1,0.643,0.598,0
0.71,7.6,0.259,0.428,1
5.72,16.8,0.407,0.655,1
2.97,6.3,0.614,0.542,1
3.12,8.6,0.403,0.883,0
2.24,7.1,0.031,0.53,1
3.67,6.4,0.223,0.884,1
1.61,6.8,0.776,0.421,1
4.5,10.9,0.249,0.948,1
2.48,6.0,0.818,0.425,1
0.14,3.0,0.467,0.954,1
0.28,3.0,0.473,0.443,1
1.42,3.0,0.771,0.915,1
0.1,3.0,0.383,0.89,1
0.24,3.0,0.238,0.751,1
1.39,3.0,0.105,0.421,1
1.04,3.0,0.672,0.766,1
3.08,10.1,0.47,0.765,1
0.88,3.4,0.809,0.729,1
0.93,4.4,0.458,0.773,1
1.37,4.7,0.415,0.971,1
0.11,5.1,0.299,0.987,1
3.06,6.5,0.199,0.707,1
3.96,10.7,0.83,0.454,1
10.58,25.6,0.095,0.479,0
4.52,13.2,0.902,0.825,0
1.13,3.0,0.027,0.979,1
4.43,14.5,0.522,0.657,0
15.11,36.7,0.058,0.458,0
0.73,4.6,0.78,0.608,1
9.49,24.9,0.211,0.627,1
1.3,3.2,0.566,0.988,1
0.18,3.0,0.916,0.805,1
0.21,3.0,0.649,0.47,1
0.62,3.0,0.178,0.599,1
3.33,7.9,0.797,0.429,1
3.74,7.9,0.441,0.785,1
3.5,8.1,0.013,0.797,0
1.5,3.0,0.487,0.434,1
2.45,7.8,0.812,0.598,1
3.66,6.7,0.43,0.933,1
2.29,5.3,0.758,0.888,1
1.8,5.8,0.706,0.739,1
0.82,3.7,0.457,0.686,1
1.45,3.0,0.323,0.986,1
4.37,10.7,0.727,0.826,1
2.36,6.8,0.369,0.962,1
0.66,3.0,0.17,0.442,0
0.8,4.7,0.321,0.525,1
4.69,10.1,0.877,0.418,0
7.09,13.6,0.283,0.912,1
1.07,4.3,0.235,0.81,1
1.51,3.0,0.133,0.505,1
0.1,3.0,0.055,0.975,1
0.34,3.0,0.977,0.964,1
3.6,11.5,0.537,0.533,1
12.02,27.5,0.73,0.782,0
2.77,11.6,0.773,0.794,1
2.41,4.3,0.352,0.402,0
4.5,11.4,0.799,0.806,1
1.02,3.0,0.961,0.531,1
2.37,6.0,0.742,0.932,1
1.48,3.4,0.712,0.895,1
1.44,3.0,0.432,0.934,1
0.62,7.2,0.841,0.847,1
1.76,3.4,0.089,0.497,1
2.16,4.4,0.75,0.613,1
5.76,16.3,0.362,0.818,1
9.13,26.5,0.566,0.591,1
0.28,3.0,0.893,0.819,1
0.36,3.0,0.605,0.598,1
5.32,13.7,0.026,0.505,1
2.48,3.0,0.723,0.706,1
4.23,12.4,0.929,0.805,1
0.3,3.0,0.642,0.705,1
0.51,3.0,0.861,0.779,1
2.46,6.1,0.825,0.658,1
1.71,5.2,0.861,0.859,1
1.82,4.0,0.344,0.783,1
6.79,20.0,0.474,0.739,0
4.1,11.7,0.848,0.657,1
1.45,4.9,0.91,0.716,1
6.77,14.5,0.147,0.43,0
1.77,7.8,0.182,0.793,1
4.12,8.7,0.347,0.521,1
4.0,13.5,0.77,0.907,1
1.33,7.4,0.875,0.879,1
3.23,9.1,0.58,0.711,1
7.45,20.7,0.113,0.9,1
6.71,10.6,0.304,0.796,1
2.74,6.5,0.857,0.483,1
0.8,4.2,0.348,0.837,1
0.94,4.2,0.103,0.988,1
4.64,9.2,0.302,0.424,1
2.25,5.0,0.807,0.545,1
2.29,3.0,0.493,0.753,1
0.17,3.0,0.172,0.645,1
0.89,3.0,0.313,0.776,1
3.35,10.6,0.954,0.746,1
0.86,4.5,0.432,0.865,1
0.49,3.0,0.442,0.442,1
1.19,4.0,0.153,0.66,1
3.51,8.3,0.305,0.907,1
3.59,9.5,0.815,0.614,1
2.39,3.7,0.786,0.697,1
1.92,6.0,0.435,0.413,1
6.17,12.1,0.894,0.532,0
5.59,10.3,0.38,0.674,1
1.61,3.8,0.864,0.635,1
6.48,15.8,0.032,0.822,0
7.17,18.5,0.347,0.761,0
3.24,6.8,0.855,0.919,1
1.58,7.7,0.901,0.904,1
2.29,6.0,0.756,0.542,0
0.92,3.0,0.67,0.41,1
5.41,13.9,0.816,0.904,1
1.91,6.8,0.708,0.594,1
4.44,12.2,0.254,0.605,1
4.41,11.9,0.466,0.493,1
0.18,3.0,0.661,0.809,1
5.98,11.3,0.588,0.565,1
0.58,3.0,0.885,0.504,1
0.96,3.0,0.474,0.697,1
2.44,5.7,0.178,0.843,0
2.56,7.6,0.215,0.559,0
1.44,3.6,0.846,0.826,1
1.42,4.7,0.009,0.673,0
4.15,7.9,0.869,0.638,1
2.23,5.6,0.056,0.612,1
3.63,6.4,0.392,0.486,1
6.27,16.5,0.8,0.596,1
1.82,3.0,0.408,0.919,1
1.95,5.6,0.822,0.46,1
1.45,3.0,0.1,0.965,1
1.04,3.0,0.512,0.463,1
5.57,15.7,0.582,0.614,1
0.41,3.0,0.891,0.758,1
3.78,6.2,0.094,0.894,1
1.6,3.0,0.339,0.485,1
1.79,3.0,0.659,0.483,1
8.13,16.9,0.98,0.771,1
1.33,3.6,0.848,0.573,1
1.54,5.0,0.846,0.78,1
0.81,3.0,0.517,0.884,1
1.71,5.5,0.564,0.445,1
0.68,3.0,0.859,0.898,1
2.54,5.8,0.87,0.422,1
1.27,3.0,0.802,0.93,1
1.78,3.6,0.819,0.976,1
7.43,15.9,0.88,0.794,1
13.15,31.2,0.114,0.981,0
0.59,3.0,0.293,0.885,1
6.17,15.2,0.976,0.426,1
0.11,6.4,0.545,0.402,1
2.39,3.3,0.176,0.412,1
9.25,22.9,0.503,0.667,0
2.56,3.6,0.646,0.768,1
7.74,18.6,0.828,0.684,1
3.88,9.0,0.812,0.8,1
1.9,6.4,0.049,0.665,1
2.68,5.8,0.454,0.425,1
2.59,6.1,0.021,0.533,0
4.02,9.2,0.888,0.986,1
1.66,3.0,0.174,0.604,1
1.82,3.2,0.625,0.592,1
12.19,29.7,0.571,0.49,0
0.93,3.0,0.626,0.982,1
1.08,3.8,0.563,0.536,1
1.65,3.7,0.716,0.782,1
1.86,4.1,0.626,0.425,1
0.74,3.0,0.09,0.439,1
0.89,3.3,0.367,0.823,1
0.18,3.0,0.547,0.775,1
0.81,3.5,0.325,0.801,1
3.27,10.8,0.76,0.536,1
1.75,4.0,0.318,0.981,1
0.51,3.0,0.829,0.729,1
0.1,3.0,0.147,0.972,1
1.12,3.5,0.769,0.497,1
0.4,3.0,0.183,0.639,1
0.1,3.0,0.528,0.598,1
4.02,11.2,0.321,0.845,1
3.66,10.2,0.637,0.841,1
0.78,3.0,0.213,0.687,1
0.57,3.0,0.795,0.41,1
3.16,8.8,0.574,0.503,0
1.6,3.0,0.957,0.43,1
1.64,4.5,0.712,0.9,1
1.59,4.3,0.607,0.571,1
3.54,5.1,0.829,0.47,1
10.09,25.4,0.22,0.609,0
2.19,6.5,0.633,0.446,0
10.2,26.8,0.39,0.978,0
0.57,3.0,0.744,0.586,1
2.72,3.0,0.024,0.951,1
0.26,3.2,0.428,0.803,1
2.65,7.4,0.652,0.734,1
4.14,7.9,0.461,0.681,0
0.62,3.0,0.238,0.806,1
0.86,3.0,0.464,0.805,1
3.73,10.7,0.85,0.406,1
1.08,3.0,0.207,0.936,1
0.1,3.0,0.367,0.617,1
3.7,5.7,0.99,0.608,1
3.53,6.7,0.913,0.64,0
0.84,3.0,0.034,0.804,1
8.0,18.2,0.53,0.622,1
0.96,5.4,0.065,0.621,1
0.36,5.0,0.924,0.437,1
1.49,4.2,0.442,0.646,1
0.11,3.0,0.418,0.488,1
1.77,4.0,0.273,0.905,1
2.84,8.0,0.569,0.597,1
9.61,20.9,0.145,0.967,1
7.56,17.8,0.799,0.804,1
2.53,9.2,0.491,0.846,1
0.17,3.0,0.566,0.959,1
2.27,4.2,0.841,0.541,1
3.54,8.9,0.185,0.735,1
5.61,14.6,0.175,0.424,1
7.35,17.1,0.421,0.459,1
1.61,4.2,0.786,0.616,1
0.23,3.0,0.059,0.803,1
5.4,17.4,0.795,0.891,1
0.55,3.0,0.501,0.551,0
3.12,7.7,0.562,0.842,1
0.86,5.2,0.564,0.532,1
0.8,3.0,0.056,0.404,1
7.2,15.3,0.25,0.432,1
2.48,6.7,0.755,0.745,1
5.55,16.0,0.412,0.693,1
1.26,3.9,0.561,0.56,1
1.96,4.7,0.945,0.404,1
2.34,3.0,0.046,0.735,1
5.29,13.1,0.45,0.882,1
1.83,7.1,0.361,0.44,1
2.36,3.4,0.106,0.835,0
2.29,5.2,0.951,0.774,1
2.7,6.0,0.961,0.683,0
0.31,3.0,0.311,0.429,0
1.28,3.7,0.947,0.945,1
0.12,3.0,0.035,0.682,1
0.1,3.0,0.981,0.636,1
9.77,22.5,0.836,0.908,1
0.25,3.0,0.214,0.899,1
3.05,8.1,0.6,0.829,1
1.29,3.0,0.798,0.889,1
0.72,5.5,0.319,0.473,1
4.52,15.1,0.354,0.849,1
0.54,5.3,0.629,0.594,1
5.69,12.3,0.147,0.912,1
1.31,4.4,0.118,0.618,1
0.17,3.0,0.25,0.432,0
1.08,4.2,0.741,0.644,1
2.92,6.6,0.367,0.846,1
1.21,5.6,0.507,0.696,1
0.54,3.0,0.195,0.851,1
1.14,3.1,0.194,0.421,0
0.5,3.0,0.65,0.505,1
5.69,15.5,0.108,0.733,1
1.99,4.5,0.668,0.627,1
2.47,7.1,0.401,0.801,1
8.47,21.6,0.671,0.968,1
0.7,3.0,0.382,0.789,1
0.52,3.0,0.846,0.646,1
0.7,3.3,0.056,0.72,1
7.65,18.7,0.893,0.939,1
4.51,8.4,0.269,0.797,1
9.62,25.2,0.043,0.874,0
0.31,3.0,0.562,0.578,1
0.83,3.0,0.224,0.839,1
0.52,3.0,0.459,0.482,1
3.7,9.8,0.802,0.842,1
0.65,3.0,0.792,0.92,1
6.93,13.1,0.6,0.931,1
1.2,3.0,0.978,0.469,1
6.09,17.6,0.464,0.89,1
1.21,3.0,0.039,0.465,1
0.34,3.0,0.819,0.682,1
3.33,10.4,0.221,0.803,1
1.1,4.3,0.176,0.686,1
0.38,3.0,0.07,0.601,1
1.0,3.0,0.328,0.803,1
1.21,6.5,0.326,0.79,1
15.72,40.6,0.303,0.744,0
2.98,12.4,0.593,0.712,1
0.43,3.0,0.752,0.816,1
0.96,3.0,0.938,0.638,1
2.14,5.4,0.094,0.441,1
0.84,3.0,0.15,0.717,1
1.16,4.2,0.59,0.827,1
0.57,3.6,0.098,0.577,1
0.26,3.0,0.371,0.483,1
6.22,15.1,0.625,0.938,1
1.09,3.8,0.781,0.91,1
2.23,5.1,0.218,0.765,1
0.89,3.0,0.668,0.864,1
7.21,20.1,0.646,0.972,1
1.92,7.3,0.86,0.736,1
0.31,3.0,0.314,0.544,1
2.07,4.8,0.75,0.777,1
2.56,3.0,0.752,0.94,1
0.26,3.0,0.239,0.807,1
4.67,10.1,0.621,0.415,0
1.96,4.6,0.675,0.941,1
0.47,3.0,0.274,0.845,1
7.55,18.8,0.452,0.637,1
3.93,7.7,0.436,0.983,1
2.77,4.4,0.774,0.826,1
0.12,3.0,0.001,0.887,1
9.1,20.8,0.501,0.956,1
1.44,3.6,0.184,0.423,1
1.21,4.9,0.647,0.857,1
0.16,3.0,0.68,0.628,1
0.92,3.9,0.501,0.913,1
5.46,14.3,0.542,0.919,1
5.38,14.9,0.315,0.889,1
0.27,3.4,0.313,0.86,1
1.49,4.6,0.745,0.869,1
3.66,5.5,0.132,0.575,1
1.96,3.9,0.772,0.64,1
0.75,3.3,0.655,0.468,1
2.85,5.9,0.884,0.89,1
1.95,8.1,0.26,0.781,1
2.11,5.2,0.506,0.762,1
0.52,3.0,0.039,0.545,1
1.54,6.1,0.913,0.763,1
4.09,9.9,0.675,0.668,1
1.96,5.2,0.623,0.987,1
2.77,8.7,0.733,0.909,1
1.31,3.0,0.284,0.71,1
4.68,11.1,0.604,0.877,1
0.34,3.0,0.801,0.497,1
3.52,8.9,0.09,0.46,1
0.57,4.4,0.959,0.772,1
0.85,3.0,0.892,0.829,1
6.46,12.8,0.963,0.431,1
1.54,5.4,0.808,0.519,0
1.71,6.0,0.294,0.717,1
3.06,7.3,0.582,0.437,1
3.48,9.5,0.12,0.65,1
3.0,9.0,0.754,0.684,1
2.38,4.3,0.154,0.944,1
0.1,3.0,0.867,0.586,1
0.5,3.0,0.241,0.5,1
0.94,4.2,0.16,0.404,1
5.42,11.2,0.071,0.472,0
7.61,18.6,0.711,0.843,1
1.95,4.4,0.186,0.663,1
1.38,4.3,0.198,0.517,0
9.64,24.1,0.17,0.95,0
2.11,4.2,0.306,0.865,1
3.7,11.7,0.941,0.467,1
2.47,5.1,0.487,0.559,1
1.36,3.0,0.261,0.901,1
1.69,3.0,0.17,0.809,1
3.1,6.3,0.019,0.958,1
7.05,18.7,0.365,0.445,1
1.71,4.9,0.11,0.857,1
1.56,5.1,0.027,0.445,1
0.17,3.0,0.103,0.599,1
0.39,5.1,0.319,0.843,1
0.1,3.0,0.751,0.819,1
0.4,3.0,0.067,0.401,1
4.47,9.1,0.679,0.519,1
3.92,8.4,0.621,0.859,1
4.47,9.2,0.882,0.474,1
0.1,3.0,0.184,0.593,1
3.27,10.7,0.794,0.508,1
0.94,5.4,0.865,0.466,1
1.9,5.8,0.976,0.894,1
6.47,20.4,0.809,0.436,1
2.44,5.4,0.124,0.716,1
0.37,3.0,0.947,0.809,1
1.47,5.8,0.815,0.434,1
9.32,19.6,0.212,0.774,0
6.85,15.6,0.165,0.597,1
4.65,12.7,0.936,0.892,1
0.4,3.0,0.156,0.871,1
0.5,3.0,0.777,0.868,1
0.3,3.0,0.405,0.635,1
0.42,3.0,0.724,0.885,1
0.1,3.0,0.092,0.772,1
5.52,13.8,0.725,0.623,0
3.58,7.3,0.512,0.448,0
4.66,9.1,0.9,0.439,1
2.0,3.4,0.188,0.548,0
0.1,3.0,0.109,0.577,0
1.86,5.3,0.196,0.947,0
0.19,3.0,0.079,0.99,1
5.78,10.0,0.98,0.485,1
